회사명,거래소코드,회계년도,CASH FLOW 대 부채비율,CASH FLOW 대 차입금비율,CASH FLOW 대 총자본비율,CASH FLOW 대 매출액비율,유동비율,당좌비율,부채비율,유동부채비율,차입금의존도,순운전자본비율,현금비율,유동자산구성비율,자기자본구성비율,자기자본순이익률,경영자본순이익률,매출액순이익률,총자본사업이익률,총자본정상영업이익률,매출액정상영업이익률,금융비용부담률,CROE,총자산증가율,총자본증가율,유동자산증가율,비유동자산증가율,매출액증가율,유형자산증가율,부가가치(백만원),총자본투자효율,설비투자효율,부가가치율,이윤분배율,자본분배율,총자산회전율,매출채권회전률,당좌자산회전률,유형자산회전율,경영자본회전률,총자본회전률,비유동자산회전률,유동자산회전률,영업년수,상장년수,PER,PBR,PCR,PSR,도입기,성숙기,성장기,쇠퇴기,부실판단
(주)영우디에스피,143540,2022,5,8,3,4,183,167,104,71,32,29,21,64,49,-49.39,-34.81,-51.86,-18.93,-19.12,-33.05,1.04,-65.09,-7.888757475147456,-7.89,-3.15,-15.21,-37.8,-59.54,-8839,-11,-127,-18,0,0,0.6032364618828693,3.83,1,4,1,1,2,1,20.0,10.0,-2.1391752577319587,1379.75495072459,-37325.650395628494,1121.021152901512,1,0,0,0,0.0
(주)야스,255440,2022,18,230,5,19,216,164,36,31,2,26,32,49,74,-0.53,-0.83,-2.3,-1.59,-2.19,-8.81,-2.26,-1.84,-3.255289564110897,-3.26,-16.82,14.61,10.3,25.24,13015,6,35,24,-10,-9,0.2528932666602762,3.1,1,1,0,0,1,0,22.0,7.0,-120.6153846153846,641.1813717822831,-27140.01635695813,1867.7327778375272,1,0,0,0,0.0
(주)우리넷,115440,2022,-13,-27,-6,-11,160,97,88,85,23,27,26,73,53,-16.13,-9.81,-15.66,-6.22,-6.61,-11.16,1.47,-19.31,14.37544363048788,14.38,4.95,50.74,3.07,2.63,5568,5,34,9,-175,-144,0.5555121281794855,5.38,1,4,1,1,2,1,24.0,14.0,-10.424469413233458,1371.972806530471,-7790.157931572983,1313.8781310961265,1,0,0,0,0.0
(주)폴라리스세원,234100,2022,7,17,1,2,339,282,26,22,8,41,133,58,79,1.7,1.84,2.21,4.25,3.63,4.89,0.48,-8.91,22.15104327775108,22.15,11.2,41.16,81.2,95.94,31643,12,48,18,12,34,0.6751579584132699,7.04,1,4,1,1,2,1,32.0,7.0,28.828125,427.2754006600021,10504.703197422126,501.0904667711577,1,0,0,0,0.0
(주)인텔리안테크놀로지스,189300,2022,-9,-16,-5,-7,159,79,107,75,31,21,18,58,48,9.41,5.63,6.69,5.15,4.86,6.41,0.26,4.390000000000001,41.64919542516296,41.65,38.01,46.97,73.53,57.38,92509,25,94,39,17,33,0.6465446344398538,4.57,2,3,1,1,2,1,20.0,8.0,45.66823371390195,3494.540917624585,-23943.060641757667,2607.8490771211787,1,0,0,0,0.0
한국맥널티(주),222980,2022,-3,-4,-2,-2,156,101,115,78,44,20,17,57,47,-8.69,-3.53,-4.3,-0.28,-0.77,-0.95,2.17,-13.93,4.502943326815513,4.5,-0.05,11.15,31.46,12.15,11976,13,39,17,-25,20,0.7869771832231475,12.05,2,2,1,1,2,1,27.0,9.0,-35.17605633802817,1326.5038816583617,-15907.109056230338,784.7693083544613,1,0,0,0,0.0
(주)드림시큐리티,203650,2022,-5,-5,-4,-6,53,48,358,215,69,-22,17,25,22,12.18,2.85,4.32,6.98,6.83,11.26,4.91,-5.879999999999999,12.008423353575004,12.01,-8.54,21.14,18.3,17.38,136180,35,62,61,7,74,0.5736275546315642,5.92,2,1,1,1,1,2,10.0,10.0,-70.51282051282051,1629.866041884282,-5492.6803703228325,620.7363894076294,1,0,0,0,0.0
(주)케이씨산업,112190,2022,-1,-1,-1,-1,130,96,282,101,57,8,17,35,26,1.21,0.41,0.52,1.32,1.18,1.85,3.82,-3.3,23.908956978205453,23.91,30.98,20.47,10.88,22.64,18043,13,29,22,2,36,0.5785176917522294,5.31,3,1,1,1,1,2,29.0,8.0,53.16666666666666,607206.3972965031,-6326066.537712218,274919.9544008612,1,0,0,0,0.0
(주)비엠티,86670,2022,-1,-1,-1,-1,157,73,124,75,43,19,4,52,45,16.03,8.14,10.5,11.05,10.86,16.21,1.4,8.560000000000002,27.69137833348976,27.69,24.2,31.77,31.63,39.26,44005,19,61,31,34,56,0.5972605431517778,4.88,2,2,1,1,1,1,24.0,17.0,7.9381992541289295,1278.3061566027536,-62213.23322362385,956.8963114436416,1,0,0,0,0.0
키네마스터(주),139670,2022,-124,0,-52,-43,1351,1351,71,12,0,87,204,94,58,-91.91,-73.56,-78.34,-75.76,-76.7,-83.51,-0.85,-85.19,-38.0044407146293,-38.0,-33.18,-71.13,-25.81,18.87,-5105,-31,-2001,-26,0,0,1.1999715412495988,12.63,1,40,1,1,9,1,22.0,13.0,-8.352826510721247,12584.359532109844,-7915.457639348658,6124.923692425649,1,0,0,0,0.0
(주)티플랙스,81150,2022,4,7,1,1,193,112,50,36,16,22,15,46,67,10.3,8.84,6.07,9.57,9.52,8.26,0.42,1.83,13.722632161775556,13.72,30.78,2.19,35.98,1.7,30376,13,39,12,52,76,1.0832713512750256,5.12,4,3,1,1,2,3,33.0,15.0,5.813953488372093,572.7545738309891,-55026.796435969714,353.0938407509953,1,0,0,0,0.0
(주)남성,4270,2022,-3,-5,-2,-4,81,54,127,106,34,-9,6,38,44,2.68,2.65,3.23,1.21,0.91,2.59,4.8,-4.6,-6.09674795314855,-6.1,-18.71,3.73,-4.09,-17.5,20202,7,484,21,16,49,0.3619266142660454,9.18,1,21,1,0,1,1,59.0,35.0,18.92156862745098,584.851714988388,-10957.153394885549,712.1610229404206,1,0,0,0,0.0
(주)레이,228670,2022,1,2,1,1,162,127,91,54,37,17,28,45,52,7.33,4.66,6.17,8.43,8.11,12.56,1.63,7.35,25.316450206217816,25.32,-14.42,104.59,42.8,75.85,44723,20,89,35,18,50,0.5805589012006428,3.57,1,3,1,1,1,1,20.0,5.0,37.16951788491446,2998.1655892231274,-42364.42946758164,2703.228902552131,1,0,0,0,0.0
나무기술(주),242040,2022,0,1,0,0,129,108,133,99,25,12,18,55,43,0.87,0.72,0.59,2.46,2.32,2.05,0.2,2.88,18.98060493529062,18.98,-10.13,96.51,12.44,93.58,19431,19,63,18,3,17,1.0390452490287452,3.71,2,5,1,1,3,2,8.0,8.0,-17.00854700854701,1554.9694065209649,-19598.02003605477,641.5170052181298,1,0,0,0,0.0
(주)앤디포스,238090,2022,-19,-33,-4,-7,336,248,23,23,11,43,49,62,81,-13.14,-12.05,-24.02,0.33,-0.68,-1.53,0.21,-25.36,-25.39583141610173,-25.4,-43.36,51.97,41.53,-10.62,-10454,-6,-76,-12,0,0,0.5179444453917443,12.79,1,6,1,0,2,1,14.0,8.0,-5.422222222222223,834.7056267579782,-9403.939180053383,1305.9037043678334,1,0,0,0,0.0
(주)오파스넷,173130,2022,-16,-39,-11,-8,135,70,238,210,28,22,18,84,30,18.86,6.76,3.56,8.89,8.69,5.0,0.4,-2.620000000000001,55.151301292143664,55.15,54.35,59.49,40.1,1.45,35654,30,2155,21,17,27,1.4299896117372657,8.53,3,104,2,2,11,2,20.0,6.0,16.492248062015506,2856.897634296587,-2863.675914045569,591.681674740208,1,0,0,0,0.0
(주)국전약품,307750,2022,-6,-10,-3,-6,202,174,112,77,30,37,30,73,47,9.77,5.0,8.56,2.32,1.79,3.38,0.74,2.77,83.28754650866726,0.0,0.0,0.0,0.0,0.0,24947,13,77,24,36,53,0.5288741053724312,4.73,1,2,1,1,2,1,6.0,6.0,37.40112994350282,3518.4937970133115,-53966.03447069974,3132.1566614047283,1,0,0,0,0.0
(주)씨티케이,260930,2022,-10,-25,-2,-4,356,332,18,15,6,33,156,46,85,-11.01,-16.17,-30.52,-7.46,-7.86,-21.94,-0.07,-10.47,-14.219126832962766,-14.22,-4.56,-20.94,-39.72,5.66,4348,2,11,6,-487,-314,0.3881440408595824,5.95,1,2,1,0,1,1,23.0,7.0,-7.475728155339806,690.3341135731499,-11816.167609512537,1503.0138149416832,1,0,0,0,0.0
삼영이엔씨(주),65570,2022,-13,-18,-7,-17,279,162,116,63,39,52,30,81,46,-74.41,-50.51,-130.93,-22.4,-22.98,-63.15,2.52,-75.24,-15.665187764874696,-15.67,3.92,-52.81,-20.47,-39.33,-21401,-27,-214,-67,0,0,0.3977048204818724,2.41,1,2,0,0,1,1,29.0,21.0,-1.0994380649890056,1310.900315074044,-6731.542220629408,1522.6006922336371,1,0,0,0,0.0
삼륭물산(주),14970,2022,3,4,1,2,108,64,89,74,33,3,15,42,53,-4.23,-3.05,-2.9,-0.91,-1.03,-1.3,1.05,-2.2900000000000005,-2.1814992629329617,-2.18,5.38,-7.1,2.95,-6.34,15167,13,42,17,-17,21,0.8026976461000098,8.21,3,2,1,1,1,2,44.0,32.0,132.63888888888889,1211.489734040119,-30825.78038802256,799.9739810288581,1,0,0,0,0.0
(주)엘앤씨바이오,290650,2022,3,3,1,5,343,161,85,17,41,23,35,32,54,4.97,5.9,10.83,6.61,6.18,18.04,4.58,-14.37,85.9622978915724,85.96,34.96,126.61,15.1,196.94,20006,10,38,38,28,58,0.2632241787180316,4.06,2,1,1,0,1,1,13.0,6.0,126.92307692307692,4860.0931848455,-86247.29699614667,9967.58879339408,1,0,0,0,0.0
한신기계공업(주),11700,2022,-3,-8,-1,-1,336,278,25,24,7,45,71,64,80,-5.3,-4.8,-8.45,-3.29,-3.78,-7.31,-0.64,-10.16,14.407166487482204,14.41,6.4,31.87,3.08,-3.34,2416,2,9,4,-196,-231,0.4842647530416284,1.94,1,2,1,1,2,1,55.0,37.0,-55.65217391304348,2234.1408919028027,-79317.5643471701,3705.487743521565,1,0,0,0,0.0
대아티아이(주),45390,2022,3,7,1,3,146,124,82,37,23,9,30,30,55,7.83,8.17,7.93,5.33,4.78,8.91,0.2,2.97,3.2397424359582185,3.24,-46.23,68.42,-9.21,51.34,38539,19,300,37,22,34,0.5287463173187146,6.42,1,9,1,1,1,1,29.0,23.0,25.201612903225808,2003.5164141897155,-24229.47464737163,2086.5378180088915,1,0,0,0,0.0
인바이오(주),352940,2022,-13,-24,-6,-16,174,115,88,84,26,33,29,78,53,-7.15,-4.13,-10.06,-5.08,-5.37,-13.95,5.4,-19.23,-3.581634872727024,-3.58,-3.76,-2.94,2.31,-7.36,7913,9,77,23,-44,3,0.3919409782163633,1.38,1,3,0,0,2,0,27.0,4.0,-13.454258675078863,997.0398784817228,-5453.761960399488,1353.7127424564346,1,0,0,0,0.0
(주)네오크레마,311390,2022,3,3,1,3,136,114,61,57,35,13,20,48,62,-1.7,-1.44,-2.92,2.7,2.19,5.32,-0.72,-6.22,52.79742945432773,52.8,36.98,71.23,-10.65,-4.43,4200,5,21,16,-19,2,0.3407006524297548,7.27,1,1,0,0,1,1,17.0,5.0,-65.80357142857143,1446.688259655814,-200877.6835232824,2640.9093089651374,1,0,0,0,0.0
(주)노드메이슨,317860,2022,-12,-16,-7,-11,186,101,121,44,42,17,1,37,45,-20.75,-15.13,-19.86,-12.39,-12.56,-20.21,2.29,-22.1,86.55262538571552,0.0,0.0,0.0,0.0,0.0,1294,5,12,8,-251,-175,0.6212415605064333,4.05,3,2,1,1,1,2,11.0,5.0,-11.958762886597938,2592131.8648057845,-17883304.176334105,1888564.5574272587,1,0,0,0,0.0
(주)셀젠텍,258250,2022,0,0,0,0,143,96,132,91,48,17,2,56,43,9.01,4.2,6.84,2.98,2.96,5.14,6.99,-9.87,12.944608388948732,12.94,31.8,-4.7,7.89,-3.37,9900,25,68,47,15,70,0.5433550464111669,1.82,2,1,1,1,1,1,23.0,8.0,13.22429906542056,1138026.3455000897,-10364632.12112982,903213.4684748652,1,0,0,0,0.0
(주)위지윅스튜디오,299900,2022,-10,-16,-4,-7,115,108,57,53,23,5,37,39,64,-6.59,-9.18,-14.59,-6.39,-6.58,-13.37,0.73,0.0899999999999998,4.340755563095779,4.34,-22.43,33.45,54.92,5.31,22709,6,36,12,-120,-34,0.4820704735804367,11.4,1,3,1,0,1,1,8.0,6.0,59.07534246575342,3003.427760112962,-30627.851518045023,3958.5164145774,1,0,0,0,0.0
(주)하이드로리튬,101670,2022,-12,-14,-7,-91,1406,1201,155,17,54,86,205,93,39,-8.45,-4.11,-30.27,-4.02,-4.35,-33.2,6.92,-9.08,306.3318668916987,306.33,416.34,8.7,-36.05,-6.96,2757,2,52,24,-126,-75,0.0817286240473299,2.18,0,2,0,0,1,0,29.0,16.0,-115.07537688442213,9266.98336555756,-56689.75170329606,44546.53916953796,1,0,0,0,0.0
티제이미디어(주),32540,2022,1,1,0,0,181,78,58,38,16,20,39,44,63,5.41,5.68,5.23,3.71,3.33,4.82,0.19,1.34,18.01833473310373,18.02,55.05,-0.66,38.89,-3.61,22386,17,107,26,20,35,0.6374099089936835,15.47,4,4,1,1,1,2,33.0,27.0,25.203252032520325,1012.6360640699996,-31920.49873391151,1005.406456707268,1,0,0,0,0.0
(주)앱코,129890,2022,1,1,0,1,341,232,78,32,38,43,40,61,56,-27.28,-18.19,-21.33,-13.66,-13.84,-18.74,0.79,-17.98,-19.703038538578145,-19.7,-35.25,29.6,-18.82,39.9,-8567,-9,-48,-10,0,0,0.8288964759344774,6.08,2,3,1,1,2,1,23.0,4.0,-3.426136363636364,1087.9429964879805,-4191.951130470771,738.8515328126682,1,0,0,0,0.0
제일전기공업(주),199820,2022,9,16,3,3,209,125,41,41,16,31,3,60,71,6.26,5.63,5.59,4.98,4.61,5.59,-0.06,-5.52,12.108329911092207,12.11,27.08,-4.73,-10.24,10.18,27544,16,71,21,27,47,0.7798277259070078,4.44,2,3,1,1,2,1,44.0,4.0,14.240601503759398,875.9389664648343,-16735.009596110784,796.1256540358654,1,0,0,0,0.0
데브시스터즈(주),194480,2022,24,143,10,13,578,569,66,11,7,32,107,39,60,-3.88,-3.63,-3.12,-6.13,-6.94,-9.29,-0.51,-48.99,9.757197606662228,9.76,-28.13,65.11,-41.94,36.84,87567,29,636,41,-8,4,0.7137519261950844,11.58,2,18,1,1,1,2,17.0,10.0,-214.176245210728,3655.491881719734,-48427.74229667552,3089.751781650291,1,0,0,0,0.0
(주)힘스,238490,2022,-35,-88,-8,-20,194,123,28,26,9,19,25,39,78,-12.73,-12.21,-27.41,-15.98,-16.21,-42.09,-0.18,-12.15,-5.6695749966065865,-5.67,-8.6,-3.72,-37.65,-8.23,4169,5,14,13,-207,-239,0.3966151446395689,7.75,1,1,0,0,1,1,25.0,7.0,-7.739463601532567,1106.8485483906516,-7485.975038141239,2173.486057024905,1,0,0,0,0.0
(주)케스피온,79190,2022,-6,-9,-4,-4,80,60,235,172,48,-10,32,41,30,-54.75,-20.87,-19.54,-6.72,-6.83,-6.81,2.63,-43.19,-12.702934349992823,-12.7,-15.67,-10.53,42.68,-11.83,5214,10,21,9,-208,-124,1.0758380750162022,12.99,3,2,1,1,2,2,26.0,19.0,-2.817745803357314,2603.243581063993,-65040.30431711324,722.3538355758384,1,0,0,0,0.0
(주)더 미동,161570,2022,-14,-21,-5,-22,48,41,60,60,25,-20,22,18,62,-33.21,-62.93,-69.42,-6.34,-6.97,-30.02,11.87,-9.080000000000002,-9.295958618427887,-9.3,-46.27,6.94,-28.35,0.01,-1888,-6,-1482,-25,0,0,0.2439914367931204,13.77,1,0,1,0,0,1,15.0,11.0,-6.169590643274854,853.6906643862652,-7909.247798360889,2180.2442832178244,1,0,0,0,0.0
(주)케이피엠테크,42040,2017,-11,-12,-4,-17,251,236,59,16,33,16,82,26,63,-9.12,-13.08,-19.3,-4.77,-5.63,-19.87,17.17,1.950000000000001,46.24727822502684,46.25,10.7,64.75,32.51,-9.74,6606,5,57,23,-85,16,0.2384640301854437,3.68,1,2,1,0,0,1,46.0,21.0,-28.50877192982456,1586.76759708377,-30533.048048051824,4180.210731489992,1,0,0,0,1.0
(주)골드앤에스,35290,2014,-2,-3,-1,-2,60,48,285,207,50,-21,1,32,26,-90.29,-19.51,-29.79,-6.24,-6.29,-9.84,6.92,-3.760000000000005,-9.552472221171966,-9.55,-4.56,-11.76,-20.89,-3.55,4010,9,18,13,-232,-39,0.6724313159292523,6.26,3,1,1,1,1,2,30.0,25.0,-4.253164556962025,3380.234324986276,-41204.35896401159,1305.3928227460922,1,0,0,0,1.0
(주)노브메타파마,229500,2017,-606,-2702,-31,-533,2090,2011,5,5,1,88,1145,92,95,-63.84,-63.13,-774.83,-53.64,-54.01,-702.74,-4.72,2.700000000000003,96.4228493039095,96.42,129.32,-27.33,-73.03,-29.53,-4075,-30,-3066,-520,0,0,0.0579885153098388,16.87,0,5,0,0,1,0,14.0,9.0,-29.575596816976127,15040925.130522871,-39359745.55464926,246199224.744898,1,0,0,0,1.0
(주)알체라,347860,2022,-42,-90,-18,-94,720,720,71,20,20,73,444,84,58,-54.46,-22.51,-127.54,-23.82,-25.15,-151.96,22.98,8.32,-21.20351352404149,-21.2,-26.65,31.98,10.88,-8.71,2785,5,101,25,-508,-331,0.1877967649339826,3.05,0,4,0,0,1,0,8.0,4.0,-12.24907063197026,4114.409731167915,-10180.612629416277,12801.81364781915,1,0,0,0,1.0
(주)티라유텍,322180,2022,-7,-12,-3,-3,125,115,101,65,28,8,58,41,50,-26.19,-19.58,-13.0,-11.86,-11.92,-11.87,0.98,12.099999999999998,16.140734477287346,0.0,0.0,0.0,0.0,0.0,14717,41,391,41,-32,-21,1.00399769975,7.74,3,5,2,1,2,2,18.0,5.0,-12.693726937269371,2117.728740158297,-31727.175082362603,1051.111820944574,1,0,0,0,1.0
(주)플리토,300080,2021,-36,-48,-14,-42,1385,1385,62,11,29,87,106,94,62,-30.11,-22.62,-61.9,-22.88,-23.32,-65.79,1.03,-17.03,12.611269678383175,12.61,14.85,-13.26,25.54,-37.75,-149,-1,-27,-2,0,0,0.3346033771017397,8.41,0,13,0,0,5,0,12.0,5.0,-59.68331303288672,14858.623701263836,-42348.79509997591,27337.036694361293,1,0,0,0,1.0
(주)노블엠앤비,106520,2017,-26,-39,-13,-25,70,47,95,71,33,-11,11,26,51,-41.36,-28.62,-43.25,-13.32,-13.36,-26.84,5.38,27.52,-4.763732761857122,-4.76,4.46,-7.56,-5.26,-7.39,-2819,-2,-8,-5,0,0,0.5104032555369411,4.9,3,2,1,1,1,2,24.0,12.0,-1.3300270513976555,836.6270932033699,-2770.6753908058645,839.8115281491073,1,0,0,0,1.0
서울전자통신(주),27040,2014,-38,-98,-20,-28,163,124,110,64,20,19,58,50,48,-62.06,-40.39,-75.02,-2.75,-2.89,-6.71,0.83,-63.760000000000005,-55.918116652577,-55.92,-62.32,-46.94,-73.5,-73.77,16056,25,235,36,-210,-19,0.7047639766414526,2.86,1,2,1,0,1,1,41.0,25.0,-1.637630662020906,935.3406648977268,-2122.9897683850672,632.9002201872132,1,0,0,0,1.0
메디포스트(주),78160,2014,-3,-4,-1,-4,555,479,58,8,24,24,308,30,63,-1.59,-1.32,-4.37,0.09,-1.07,-4.29,-3.17,-2.45,27.57624889576091,27.58,25.71,28.37,-0.24,23.14,7345,4,15,18,-25,-32,0.2226356408489094,12.28,1,1,0,0,0,1,24.0,19.0,-935.4166666666666,2757.439039502965,-216767.9137595821,7814.612466443292,1,0,0,0,1.0
한국유니온제약(주),80720,2020,-9,-18,-3,-5,191,132,42,34,16,22,7,45,70,-14.75,-10.8,-18.5,-11.15,-11.19,-21.5,1.25,-15.46,0.783220733269195,0.78,-15.85,20.53,-1.73,19.7,1567,2,4,3,-595,-492,0.5183953478168386,1.74,1,1,1,1,1,1,39.0,6.0,-13.949962092494314,2127.111103934376,-66233.84567178154,2886.675374348921,1,0,0,0,1.0
(주)나노브릭,286750,2021,-2,-5,-1,-7,116,103,166,156,30,9,17,68,38,-21.28,-11.04,-40.32,-5.69,-5.93,-23.34,3.87,-20.630000000000003,49.14873584102485,49.15,95.22,-0.51,-19.04,-2.54,965,3,10,14,-293,-189,0.2122903432964999,4.49,0,1,0,0,1,0,17.0,5.0,-10.944444444444445,2953.305877772148,-12695.277140418551,5232.383701640264,1,0,0,0,1.0
(주)주연테크,44380,2018,-42,-67,-11,-15,314,242,36,23,17,36,74,53,74,-10.61,-10.19,-11.43,-1.7,-2.6,-3.39,-0.51,3.290000000000001,10.225189790331507,10.23,-5.8,36.74,-27.25,166.42,2604,4,21,6,-194,-136,0.7301832349343339,11.54,2,5,1,1,2,1,36.0,18.0,-8.911111111111111,887.1922669015066,-7038.920178048345,893.8961621492896,1,0,0,0,1.0
신라섬유(주),1000,2015,-7,-8,-4,-43,10,3,152,137,55,-49,1,5,40,-18.72,-15.61,-79.14,-7.17,-7.25,-74.22,7.02,-21.75,-8.994912039157978,-8.99,-66.82,0.9,13.85,-0.3,-1417,-4,-10,-41,0,0,0.1024697170651152,3.33,3,0,0,0,0,1,48.0,30.0,-22.82415630550621,4665.050157309131,-78719.25839478681,18067.78343776035,1,0,0,0,1.0
(주)캐리소프트,317530,2021,-9,-25,-3,-6,174,153,38,29,10,15,36,36,73,-17.25,-13.1,-30.08,-12.65,-12.84,-34.14,0.47,10.31,-8.38078507618925,-8.38,-17.99,-1.91,7.23,-9.3,2600,15,37,39,-77,-35,0.3933684692529717,10.29,1,1,0,0,1,1,10.0,5.0,-35.84905660377358,7491.287406236255,-133345.41069839423,13827.329354930378,1,0,0,0,1.0
엘브이엠씨홀딩스(주),900140,2015,-22,-33,-8,-11,168,95,56,41,24,18,9,44,64,13.51,9.87,10.54,9.02,9.01,10.72,1.37,-0.8300000000000001,31.20478936137528,31.2,14.51,48.02,17.0,24.72,89058,15,117,20,53,73,0.7406250030456935,4.71,3,6,1,1,2,2,15.0,14.0,0.0,0.0,0.0,0.0,1,0,0,0,1.0
(주)지티지웰니스,219750,2020,-17,-25,-13,-34,90,59,397,285,54,-6,25,52,20,-135.68,-46.59,-84.24,-21.59,-21.61,-49.44,9.46,-105.63,26.303382372211487,26.3,33.83,19.16,-34.01,25.43,-6063,-12,-31,-30,0,0,0.3915350161629642,4.53,2,1,1,0,1,1,25.0,6.0,-3.1988472622478388,8021.5424120977505,-8786.65212832503,4119.350158937552,1,0,0,0,1.0
디엑스앤브이엑스(주),180400,2017,-7,-7,-3,-39,2703,2666,91,5,44,65,2592,67,52,-12.72,-9.96,-80.14,-6.92,-7.5,-69.57,-1.4,-10.83,91.85671736237946,91.86,80.51,120.54,-8.38,50.82,751,1,14,16,-499,-383,0.0819730404771953,7.11,0,1,0,0,0,0,23.0,9.0,-101.91780821917808,8329.457534794283,-116707.01162890773,53133.8043802222,1,0,0,0,1.0
(주)스튜디오산타클로스엔터테인먼트,204630,2017,-57,-93,-9,-11,1029,945,19,8,10,63,286,69,84,-5.29,-4.76,-5.3,0.06,-0.91,-1.1,0.31,-3.9,-4.490758958494818,-4.49,-19.41,63.94,60.0,3.12,4548,8,62,10,-54,-27,0.8511247699894192,24.06,1,6,1,1,3,1,10.0,10.0,-41.11111111111112,2308.4140245444028,-11542.917042000052,2275.69421180364,1,0,0,0,1.0
원풍물산(주),8290,2014,-5,-7,-3,-3,127,38,142,112,41,13,0,59,41,0.69,0.04,0.04,2.15,2.08,2.45,2.46,0.3999999999999999,3.086836274218124,3.09,9.34,-4.63,0.38,-3.08,5090,9,31,11,0,56,0.8369781865315111,5.76,5,3,1,1,2,1,52.0,27.0,271.42857142857144,2701.770662586258,-60161.622500155376,1332.5034232560165,1,0,0,0,1.0
(주)수성샐바시온,84180,2019,-20,-23,-13,-27,65,44,191,130,57,-15,10,29,34,-33.09,-12.4,-22.7,-1.95,-2.14,-4.78,16.38,57.38,-12.444812360498368,-12.44,-49.25,24.97,-3.54,34.74,2250,5,8,10,-229,-50,0.4801046700408396,3.62,1,1,1,0,1,1,42.0,19.0,-3.574338085539715,1420.844768237468,-5551.601457820474,1018.0359976915308,1,0,0,0,1.0
에이치엘비테라퓨틱스(주),115450,2014,-9,-38,-6,-19,143,138,160,137,15,23,6,75,38,-9.92,-5.26,-8.81,-1.48,-1.84,-4.97,1.67,22.989999999999995,59.50946737666938,59.51,337.56,-45.51,-54.28,-1.99,3057,5,31,17,-51,-13,0.3010682997313272,7.25,1,2,1,0,1,1,24.0,14.0,-150.0,2899.171633141656,-12334.029172412897,3705.267209390436,1,0,0,0,1.0
비플라이소프트(주),148780,2020,3,10,4,1,69,69,0,0,43,-28,21,62,0,-298.54,-44.06,-14.04,-16.48,-16.72,-6.13,0.6,-249.27,-36.77035136309578,-36.77,-3.32,-59.75,28.05,25.73,4506,65,881,18,-76,-49,3.522254637833304,13.25,6,53,3,3,5,6,26.0,2.0,0.0,0.0,0.0,0.0,1,0,0,0,1.0
(주)이브이첨단소재,131400,2016,-11,-14,-6,-7,70,57,122,114,41,-15,14,36,45,-19.19,-9.09,-9.11,-6.78,-6.82,-7.05,2.33,11.93,25.73482935376065,25.73,50.64,15.04,20.96,9.45,9042,13,22,15,-61,-11,0.8676811880742566,6.33,4,2,1,1,1,3,20.0,14.0,-9.16158536585366,1604.6353265970947,-13977.16733235319,834.8864414084085,1,0,0,0,1.0
(주)자비스,254120,2021,-12,-25,-8,-15,131,73,198,124,33,13,29,55,34,-50.66,-21.83,-32.06,-13.12,-13.2,-24.8,2.68,1.6900000000000048,-7.263711821321846,-7.26,2.5,-16.83,30.94,189.49,-222,-1,-2,-1,0,0,0.5531946665624109,9.47,2,3,1,1,1,1,8.0,8.0,-9.802631578947368,5084.7971219767605,-14497.09150107009,3084.3052363988327,1,0,0,0,1.0
(주)디와이디,219550,2021,-48,-70,-28,-17,336,277,148,42,41,40,11,56,40,-398.4,-482.9,-293.86,-62.62,-64.37,-67.02,7.6,-353.74,-59.04298520733222,-59.35,-66.24,-44.8,-53.77,22.31,-34736,-411,-5418,-247,0,0,1.661801635277962,6.07,2,24,2,1,3,1,9.0,9.0,-4.819391634980988,11858.380858398725,-8310.919801019543,2880.944155728785,1,0,0,0,1.0
(주)디오,39840,2014,-3,-4,-2,-4,83,64,200,194,47,-11,3,54,33,-9.31,-3.33,-6.02,2.99,2.97,5.48,12.11,10.519999999999998,10.431110937532,10.43,11.28,9.47,-1.94,15.59,23551,20,54,38,-16,32,0.5158026693749377,1.54,1,2,1,1,1,1,36.0,24.0,-76.04166666666667,2186.991277968493,-274130.3455835798,1413.3084333675629,1,0,0,0,1.0
(주)시너지이노베이션,48870,2014,2,2,1,3,56,44,173,167,52,-27,0,34,37,-34.28,-18.93,-38.53,-5.4,-6.14,-17.52,5.71,30.480000000000004,-14.999386823492385,-15.0,-22.1,-10.75,-6.24,-16.72,-3402,-4,-82,-11,0,0,0.3809853434224204,6.19,1,7,0,0,1,1,26.0,20.0,-1.046218487394958,654.1366859644219,-12090.440483911383,629.5330404046399,1,0,0,0,1.0
(주)캐스텍코리아,71850,2021,2,2,1,2,78,37,164,145,48,-12,6,43,38,-15.58,-6.41,-10.85,-6.99,-7.0,-12.47,2.37,0.8600000000000012,0.1365560328993612,0.14,1.73,-1.02,2.61,-0.13,27626,11,21,20,-55,-4,0.5611793443125859,3.47,2,1,1,1,1,1,26.0,10.0,-3.869047619047619,565.220327965927,-34183.768222661645,381.25531763156334,1,0,0,0,1.0
(주)케이에이치바텍,60720,2018,-8,-14,-3,-5,159,134,71,51,23,18,42,47,58,-20.27,-14.87,-19.17,-5.79,-5.93,-9.0,1.31,-3.98,-6.700209071319232,-6.7,0.25,-12.19,-41.91,-11.55,36909,12,30,18,-106,-51,0.6830540875209121,7.31,2,1,1,1,1,1,32.0,22.0,-4.066534260178749,955.6695494118444,-12904.909812861484,817.0577209165646,1,0,0,0,1.0
엑스큐어(주),70300,2016,-54,-204,-11,-12,244,174,27,24,6,27,39,46,79,-43.21,-68.53,-48.0,-13.87,-13.96,-18.97,0.06,-53.05,-32.570607297166646,-32.57,-25.35,-37.78,-0.34,-22.86,-4106,-23,-631,-25,0,0,0.913810924561515,6.49,3,22,1,1,1,2,24.0,14.0,-4.929245283018868,2735.682931433864,-11632.54415992562,2366.359828256703,1,0,0,0,1.0
(주)넥스턴바이오사이언스,89140,2022,1,2,1,4,223,188,85,18,38,12,54,22,54,-4.66,-4.25,-16.17,1.62,-2.03,-11.86,-1.64,0.1200000000000001,44.122718950782186,44.12,-13.7,77.6,70.81,126.09,4065,2,14,14,-115,-77,0.1447665181876051,6.65,1,1,0,0,0,1,24.0,18.0,-35.3125,608.2352324847889,-55304.27458546601,2271.6473405249226,1,0,0,0,1.0
(주)폴라리스오피스,41020,2017,-206,0,-36,-106,339,339,21,18,0,36,63,51,82,-41.78,-48.58,-95.67,-30.8,-31.34,-93.47,-1.6,13.619999999999996,-3.728788367816561,-3.73,-10.6,4.79,15.39,-28.49,-447,-1,-87,-3,0,0,0.3417450255147592,14.95,1,25,1,0,1,1,27.0,19.0,-2.5652985074626864,1184.3074294768614,-4174.1435654824445,2855.5161055817216,1,0,0,0,1.0
이원컴포텍(주),88290,2014,-13,-34,-8,-8,85,55,169,151,25,-8,3,48,37,-11.78,-4.65,-3.94,-2.02,-2.19,-1.97,0.37,10.12,7.652102566726522,0.0,0.0,0.0,0.0,0.0,6038,20,48,18,-22,7,1.112444814424674,15.23,4,3,1,1,2,2,30.0,15.0,-16.826923076923077,1904.7421542174964,-8363.875036096944,636.3935730816062,1,0,0,0,1.0
(주)한컴위드,54920,2015,-1,-1,0,-3,27,27,77,66,39,-27,8,10,57,-7.3,-19.83,-25.58,-0.87,-1.02,-6.17,9.21,-6.65,-5.638816380612632,-5.64,-37.35,0.09,-19.9,-7.1,4287,5,1031,30,-87,-11,0.1694309232688686,3.45,1,34,1,0,0,1,25.0,23.0,-13.21656050955414,1013.5319803209449,-21585.4138551507,3381.63626157964,1,0,0,0,1.0
감성코퍼레이션(주),36620,2014,-5,-6,-2,-11,56,44,68,40,35,-10,3,13,59,-36.16,-97.8,-95.24,0.89,0.63,2.61,8.0,-14.059999999999995,40.36407928579116,40.36,32.6,41.61,37.6,40598.09,-9101,-16,-135,-79,0,0,0.2061106029957766,2.76,2,3,1,0,0,2,30.0,24.0,-1.7023809523809523,612.5664604831447,-13212.149888952825,1764.5878346840682,1,0,0,0,1.0
(주)우리기술,32820,2014,-6,-8,-4,-15,54,46,191,141,50,-22,6,26,34,-16.22,-7.98,-28.11,-4.5,-4.63,-16.91,7.26,1.8100000000000025,-0.3385797773053699,-0.34,-1.67,0.15,33.6,-0.96,8870,9,16,34,-83,-6,0.2742576677494489,6.27,1,0,0,0,0,1,29.0,24.0,-3.5572519083969465,943.263095651072,-5952.926061874663,1181.2283049645018,1,0,0,0,1.0
씨아이에스(주),222080,2022,4,24,3,8,124,72,217,199,11,15,37,78,32,9.3,3.14,7.24,2.22,2.05,4.9,1.16,30.88,39.08550287413802,39.09,46.63,17.66,20.06,21.77,39753,9,52,25,29,47,0.3589282833341829,11.7,1,2,0,0,2,1,9.0,9.0,36.885245901639344,3974.928345839977,10082.516751987408,3492.801925181813,0,0,1,0,0.0
(주)티로보틱스,117730,2022,-5,-8,-4,-6,103,81,263,178,51,1,20,51,28,-4.0,-1.7,-2.31,-2.49,-2.7,-4.12,2.82,33.94,2.007341999532477,2.01,27.9,-15.52,28.57,-4.0,12874,15,46,23,-10,29,0.6482258018404143,8.04,2,2,1,1,1,1,20.0,6.0,80.0,3791.529700178653,34377.66504097289,1613.3061119343274,0,0,1,0,0.0
(주)제놀루션,225220,2022,99,116,17,52,1175,1087,21,5,15,44,157,48,83,16.51,16.72,38.34,14.71,14.08,38.69,-0.93,-31.43,20.551935423178204,20.55,-5.42,60.73,-47.71,98.62,26798,23,71,70,54,69,0.3327507747999661,7.55,1,1,0,0,1,1,18.0,4.0,5.562422744128554,911.4953410180487,6369.844544604623,2266.4695247043496,0,0,1,0,0.0
(주)케이사인,192250,2022,15,21,8,25,267,267,100,28,36,23,67,37,50,7.33,5.74,13.6,8.93,8.3,21.22,0.31,-1.4900000000000002,70.25071639874739,70.25,-7.08,236.72,15.84,692.97,16328,12,25,38,36,64,0.3104704127727257,7.59,1,1,0,0,1,1,11.0,10.0,34.56521739130435,1614.0161421581802,11082.886104407498,2601.876402273053,0,0,1,0,0.0
(주)유티아이,179900,2022,7,7,4,12,305,268,144,43,56,36,92,54,41,-22.27,-12.78,-33.07,-4.17,-4.44,-12.73,1.22,-24.43,23.040445017253507,23.04,47.26,3.18,-19.37,-5.34,4893,4,13,13,-246,-141,0.3161425901219484,7.89,1,1,0,0,1,1,14.0,7.0,-13.96859772604223,9791.155525174465,147013.83786377907,12709.524864650935,0,0,1,0,0.0
알에스오토메이션(주),140670,2022,4,9,2,2,154,96,114,101,23,25,29,72,47,2.11,1.14,0.85,2.52,2.33,1.87,0.51,-4.42,19.32263445498687,19.32,27.14,2.79,-9.68,2.42,15753,18,111,15,6,21,1.1430628822366922,4.53,3,6,1,1,4,2,15.0,7.0,203.44827586206893,2625.31559996386,79869.28093162473,1071.5308510879415,0,0,1,0,0.0
오션브릿지(주),241790,2022,60,145,15,12,235,172,33,32,10,32,100,56,75,16.15,13.41,9.57,18.1,18.02,13.82,0.25,-0.5400000000000027,19.37383181283045,19.37,3.96,47.78,75.61,15.72,38463,28,124,23,41,63,1.198757813396738,5.34,3,5,1,1,3,2,12.0,8.0,7.683419988445985,1284.49821849839,3574.63357227004,806.4231272846718,0,0,1,0,0.0
대주전자재료(주),78600,2022,7,8,4,8,65,53,172,162,56,-21,34,39,37,0.8,0.28,0.46,4.05,3.82,6.88,4.21,-20.44,9.887051731725965,9.89,9.78,9.96,-12.38,11.88,38227,12,22,22,2,42,0.5309676413250938,5.28,2,1,1,1,1,1,43.0,20.0,-1731.7073170731708,9107.009384381032,50751.60610527096,6313.223204851036,0,0,1,0,0.0
(주)데이터스트림즈,199150,2022,3,17,3,1,176,176,506,236,15,30,88,68,16,-68.42,-16.93,-7.31,-15.37,-15.41,-7.66,0.17,-98.13,16.928427583768322,16.93,19.09,12.5,31.21,11.51,10946,67,468,36,-20,-15,1.866760128851387,8.97,3,14,2,2,6,3,23.0,10.0,-15.996275605214151,13565440.499445062,119828057.74509804,1198515.5805059816,0,0,1,0,0.0
(주)비즈니스온커뮤니케이션,138580,2022,39,63,11,23,188,188,37,17,17,11,89,23,73,16.84,14.18,26.83,14.44,14.25,27.47,1.07,6.83,31.16801266827182,31.17,-25.76,69.59,30.98,-6.87,22085,23,1351,50,53,66,0.4571919035251954,6.53,2,26,1,1,1,2,17.0,7.0,12.74766355140187,2201.9047404616235,15376.904835897783,3503.017519478903,0,0,1,0,0.0
(주)디티앤씨,187220,2022,15,21,6,13,91,90,74,65,30,-3,42,34,57,1.49,1.49,2.49,2.18,2.13,4.11,2.87,2.98,13.750176426108016,13.75,36.86,4.65,13.03,5.3,63363,28,56,57,4,32,0.4864391551356153,3.5,2,1,1,1,1,2,24.0,10.0,116.75,418.7097134400266,4264.932076576753,494.2303536367282,0,0,1,0,0.0
덕우전자(주),263600,2022,16,29,7,7,89,57,84,84,25,-5,29,41,54,12.71,9.9,6.23,9.61,9.6,9.06,0.56,8.420000000000002,14.454783952218865,14.45,42.03,1.03,18.95,13.77,49442,24,86,24,26,57,0.9930988495446588,14.03,4,4,2,1,2,3,32.0,7.0,10.506134969325151,955.7621556171632,8427.166726774685,522.1959902782002,0,0,1,0,0.0
한국전자인증(주),41460,2022,28,202,9,16,139,138,47,45,4,12,63,42,68,7.69,9.83,9.07,7.67,7.55,12.88,-0.02,-2.16,9.505586719482272,9.51,-13.01,35.2,11.13,16.83,14392,21,1084,37,24,46,0.560581619731379,13.0,1,31,1,1,1,1,25.0,14.0,23.374384236453203,1924.135512411021,16801.58751753213,2340.302670146338,0,0,1,0,0.0
위즈코프(주),38620,2022,15,0,2,3,2651,2602,12,1,0,31,1981,33,90,3.7,3.1,6.31,2.23,1.66,3.51,-1.2,13.29,1.3847083915270384,1.38,-2.08,3.15,16.17,-4.62,9105,10,17,22,29,61,0.4709370981784361,86.68,1,1,0,0,1,1,29.0,24.0,27.27586206896552,671.7077789327178,52343.2472733673,1277.1953503548714,0,0,1,0,0.0
(주)에이디테크놀로지,200710,2022,25,34,7,10,260,243,40,36,21,41,92,67,72,3.61,2.63,3.42,2.54,1.88,2.68,-0.17,-6.18,-0.0612335286139824,-0.06,-2.94,6.27,-49.0,1.73,44441,19,97,27,13,22,0.7017526297431447,11.2,1,4,1,1,2,1,22.0,10.0,22.323049001814883,978.4535708176588,5110.383922010883,998.5598193520718,0,0,1,0,0.0
(주)뉴파워프라즈마,144960,2022,7,14,4,8,119,90,138,97,30,8,27,48,42,11.79,4.01,5.74,2.83,2.42,4.0,0.81,-0.5600000000000005,18.426176531222254,18.43,30.8,8.82,13.81,13.17,116489,18,57,33,17,41,0.5572241794800609,5.84,2,2,1,1,1,1,25.0,8.0,4.916666666666667,581.676995854582,4333.550880328802,438.3145282157018,0,0,1,0,0.0
피엔케이피부임상연구센타(주),347740,2022,204,1026,10,42,1957,1957,5,4,1,77,162,81,95,10.65,12.59,39.71,11.09,7.96,31.41,-12.19,-1.6399999999999988,11.097576120090642,11.1,37.12,-38.55,2.69,-1.01,13401,18,306,75,53,56,0.2409089829734227,11.62,0,4,0,0,1,0,14.0,4.0,12.698744769874477,1286.3419694961508,12132.739093241176,5072.177356836108,0,0,1,0,0.0
(주)파세코,37070,2022,14,35,4,3,217,83,40,38,11,31,48,58,71,8.84,6.7,4.58,10.89,10.83,7.88,0.25,-11.47,5.4555325251817335,5.46,15.22,-5.64,-11.76,0.14,34442,23,63,17,27,51,1.339877140890054,17.17,6,4,1,1,3,2,38.0,24.0,28.26086956521739,2438.593724526661,98132.09334626664,1296.9181787240343,0,0,1,0,0.0
(주)리노스,39980,2022,29,44,8,10,294,194,41,39,19,54,76,82,71,-4.0,-3.36,-3.5,-1.78,-2.48,-2.92,0.16,-5.41,6.81075543528849,6.81,0.93,44.17,-5.9,-6.64,6063,6,266,8,-47,-39,0.8221890601011741,18.12,2,34,1,1,5,1,33.0,22.0,-15.035087719298245,561.5763987224575,3676.8998633289216,484.5351626380663,0,0,1,0,0.0
(주)천보,278280,2022,6,7,3,8,296,238,107,38,42,36,44,54,48,11.9,8.8,13.03,10.34,9.23,17.17,1.25,-3.469999999999999,102.34007288846432,102.34,93.04,114.31,21.09,130.55,71829,9,43,22,60,82,0.4017059369621076,5.65,1,1,1,1,1,1,17.0,5.0,-3358.4615384615386,5528.815626056907,33292.72678062214,6638.104370249074,0,0,1,0,0.0
(주)빅텍,65450,2022,18,51,7,9,309,209,58,27,13,36,72,53,63,-0.39,-0.29,-0.31,2.29,1.75,2.22,0.07,-9.91,3.601267205997837,3.6,-8.01,20.47,-27.42,37.19,16722,17,92,22,-1,16,0.7730311201114181,23.77,3,3,1,1,2,1,28.0,21.0,-710.0,2666.0930001568063,10309.974336543815,2188.210319528401,0,0,1,0,0.0
비나텍(주),126340,2022,11,12,6,11,124,101,119,73,48,8,36,42,46,20.99,11.58,16.52,8.56,8.07,13.23,1.23,4.979999999999997,35.372281597178,35.37,55.71,23.83,44.32,16.49,35051,26,55,50,33,41,0.5299573384994822,4.74,2,1,1,1,1,2,25.0,4.0,36.003600360036,3587.1493840999547,19229.11066283627,3095.6768832035505,0,0,1,0,0.0
(주)쎄트렉아이,99320,2022,7,18,4,11,307,287,114,52,21,50,143,75,47,-1.9,-1.26,-3.08,-2.0,-3.16,-8.46,-1.44,7.859999999999999,12.458983950060414,12.46,5.02,42.57,24.38,71.4,7256,3,34,8,-39,-1,0.3530313610764825,10.59,1,3,0,0,2,0,25.0,16.0,241.9354838709677,2249.5520013807227,11289.457341210751,2983.531938307812,0,0,1,0,0.0
엘티씨(주),170920,2022,4,6,3,3,136,95,191,115,43,14,30,54,34,2.64,1.47,1.38,5.62,5.01,4.91,3.13,14.42,70.42892750702707,70.43,90.53,51.66,180.29,4.15,44387,16,74,20,7,50,0.8082504790129069,6.98,3,4,1,1,2,2,17.0,11.0,50.25125628140704,864.5091213300961,3471.788325721005,367.5369208658741,0,0,1,0,0.0
(주)에코앤드림,101360,2022,-4,-5,-2,-4,222,142,75,39,30,27,70,50,57,0.09,0.09,0.16,2.3,1.74,3.72,3.3,-13.95,16.018993642389912,16.02,-9.55,61.49,-21.85,58.47,7530,5,19,12,1,39,0.4340097788426528,11.88,1,1,1,0,1,1,20.0,4.0,492.8571428571428,3221.6768640690057,1206349.8971159505,4233.124804225138,0,0,1,0,0.0
(주)에스앤에스텍,101490,2022,52,184,8,15,309,247,19,16,5,28,153,42,84,9.57,9.51,14.14,8.0,7.55,12.97,-0.73,2.9800000000000004,14.84588682158515,14.85,-5.07,34.94,24.95,32.3,39518,17,45,32,44,65,0.5446815160938092,5.11,2,1,1,1,1,1,23.0,15.0,31.33174791914388,2968.86006194952,22680.14720241581,4576.639577716819,0,0,1,0,0.0
(주)덴티스,261200,2022,2,4,2,3,94,67,306,259,42,-4,9,60,25,4.03,0.26,0.35,4.57,4.52,6.41,3.02,1.95,13.058835501048971,13.06,11.98,14.7,32.47,7.78,33947,26,85,39,1,24,0.6644317759897862,2.76,2,2,1,1,2,1,8.0,7.0,43.475935828877006,3720.3331900579215,23203.77631541541,1377.719502682922,0,0,1,0,0.0
(주)인터로조,119610,2022,18,29,5,10,215,166,39,37,17,30,3,57,72,13.2,10.57,19.04,12.65,12.56,24.53,0.81,1.0099999999999998,13.717855205092894,13.72,16.84,9.86,8.65,9.45,71746,27,80,57,34,54,0.4812123259433294,1.67,1,1,1,1,1,1,24.0,14.0,16.48158971361777,1970.394939797498,30936.893812167684,2936.355568703204,0,0,1,0,0.0
헝셩그룹유한회사,900270,2022,36,48,6,16,554,547,18,18,12,68,440,83,84,-0.63,-0.54,-1.49,1.38,1.17,3.29,1.33,-0.8300000000000001,-2.64321380818256,-2.64,-1.63,-7.43,8.01,-1.08,27983,8,66,21,-7,28,0.359323232737367,2.14,0,3,0,0,2,0,29.0,8.0,-18475.905712177788,116.72088372868004,2238.7733546599216,274.40023899321034,0,0,1,0,0.0
(주)푸드웰,5670,2022,6,9,3,3,101,53,100,72,33,0,12,36,50,4.9,2.83,2.68,3.42,3.34,3.3,0.39,-2.16,36.98662322502575,36.99,3.82,67.56,24.03,42.39,50710,24,51,28,10,31,0.876705495756213,7.0,4,2,1,1,2,2,56.0,31.0,18.493150684931507,514.6982326644751,7945.380511629536,293.58629105120605,0,0,1,0,0.0
(주)한국미라클피플사,331660,2022,4,6,4,3,55,33,0,0,63,-39,8,48,0,0.0,-3.09,-2.19,1.99,1.79,1.3,2.9,174.05,24.89407821977393,24.89,85.61,-3.66,33.3,-3.72,4577,19,40,15,-14,41,1.2410152423191527,9.85,6,3,1,1,2,3,10.0,5.0,-25.45155993431856,-41590963.71882086,9725140.509013783,612510.1018533979,0,0,1,0,0.0
(주)케이피티유,54410,2022,1,2,1,2,61,56,106,89,39,-17,8,27,49,5.19,6.78,5.48,2.24,1.78,3.76,4.21,-12.959999999999996,11.899332949858527,11.9,39.48,4.45,17.1,8.07,7370,9,64,20,27,62,0.447275352007383,4.96,2,3,1,0,1,2,29.0,22.0,12.68170426065163,640.0423008475293,1021365.884793362,694.4279638934128,0,0,1,0,0.0
패션플랫폼(주),225590,2022,25,49,8,7,375,175,45,24,16,46,5,63,69,15.58,13.43,8.84,14.2,13.89,10.89,0.24,-11.31,30.787789539023247,30.79,12.03,82.63,27.28,5.27,25877,26,283,24,38,72,1.1249357186807276,10.59,4,12,2,1,4,2,9.0,9.0,5.030395136778116,651.7953591988758,6272.738696978144,400.9699700017637,0,0,1,0,0.0
(주)휴비츠,65510,2022,23,36,9,14,127,62,62,51,25,9,15,40,62,17.88,11.42,15.2,11.53,11.49,17.35,0.83,7.079999999999998,15.525447981465597,15.53,31.13,7.12,15.16,8.99,46144,26,60,42,36,51,0.6174663450194484,6.56,4,1,1,1,1,2,25.0,21.0,6.061502069781195,1113.5952685165407,13799.50021716643,1113.8147259949103,0,0,1,0,0.0
(주)유니켐,11330,2022,8,11,6,20,31,15,212,196,51,-44,0,19,32,2.04,0.49,1.08,0.92,0.85,2.71,5.01,-1.4500000000000002,29.482928360637484,29.48,-16.61,48.97,-2.35,53.94,27214,6,16,23,5,44,0.2769617732371616,4.74,2,0,0,0,0,1,45.0,35.0,25.3125,636.636265441206,3781.243365287162,735.6032904526118,0,0,1,0,0.0
(주)월덱스,101160,2022,32,48,9,9,336,169,41,26,19,44,88,62,71,25.17,18.38,16.21,21.62,21.41,19.81,0.37,-1.3099999999999987,23.558504429811087,23.56,20.67,28.58,34.66,28.95,106244,41,120,42,39,64,0.9775869031705072,7.94,3,3,1,1,3,2,24.0,16.0,7.395626242544732,1652.058337629062,13770.987717901631,1199.955998085975,0,0,1,0,0.0
에이펙스인텍(주),207490,2022,3,4,2,2,123,89,219,152,50,11,43,59,31,1.14,0.39,0.37,0.82,0.29,0.29,0.69,-0.52,3.9790894811552375,3.98,41.98,-24.64,0.35,11.75,-129,-1,-2,-1,0,0,0.9626417792535092,7.44,3,3,1,1,2,2,27.0,6.0,309.09090909090907,3549369.290996085,5973645.680819912,1154390.2669055928,0,0,1,0,0.0
(주)케이엑스하이텍,52900,2022,17,31,7,8,123,74,64,51,21,7,19,38,61,13.59,11.42,9.26,6.8,6.67,7.84,1.81,8.23,3.785750387378075,3.79,9.67,0.48,49.11,13.67,45773,24,106,29,32,58,0.8349675496516855,10.27,4,4,1,1,1,2,27.0,19.0,6.448087431693989,570.9930278509701,4697.6627197561575,415.7448753365463,0,0,1,0,0.0
(주)랩지노믹스,84650,2022,167,316,27,46,877,868,19,9,8,62,495,70,84,26.37,22.87,33.1,29.59,29.11,45.73,-0.37,-43.72999999999999,22.696607029403086,22.7,2.08,128.36,-28.47,178.63,87992,35,162,61,54,76,0.5775829910513198,2.79,1,4,1,1,3,1,22.0,10.0,4.225352112676056,1017.276519135718,3105.6293092252745,1479.1957106346522,0,0,1,0,0.0
(주)아톤,158430,2022,19,29,8,20,148,148,68,52,26,15,37,46,59,28.32,26.61,38.53,8.08,7.42,17.98,2.02,25.82,21.641823402498016,21.64,-12.37,80.58,3.38,335.73,30448,26,574,68,57,65,0.3758863137272692,8.15,1,13,1,0,1,1,25.0,5.0,5.56701030927835,1331.8040353183617,8569.613556995686,2106.5252304822,0,0,1,0,0.0
(주)나우코스,257990,2022,3,6,2,2,117,92,145,102,34,7,48,49,41,-11.26,-3.58,-2.92,-3.73,-4.16,-3.48,1.2,-16.92,25.390076760197488,25.39,64.14,2.39,-6.65,8.95,8787,22,48,21,-14,-2,1.0750889304515263,10.66,4,2,1,1,2,3,24.0,4.0,-17.806691449814128,1745869.623649236,18230864.254215304,663832.8298857089,0,0,1,0,0.0
(주)하나기술,299030,2022,-5,-7,-3,-7,140,104,220,108,49,14,41,47,31,2.14,0.74,1.32,5.45,5.31,9.83,-0.26,6.85,22.806939960867464,22.81,-14.8,104.4,0.76,108.84,19678,8,18,17,8,10,0.4902525831817464,5.14,1,1,1,1,1,1,21.0,4.0,416.1538461538461,5571.943434883515,49331.9973327522,3554.909294860121,0,0,1,0,0.0
(주)비올,335890,2022,171,950,22,31,769,688,14,14,2,81,191,93,87,35.06,31.13,36.88,35.58,34.69,41.51,-0.98,15.860000000000005,48.95783590328592,48.96,56.27,-6.17,69.32,-3.18,18378,41,900,59,62,77,0.6984717812690198,9.2,1,15,1,1,9,1,5.0,5.0,15.579710144927535,4814.995971923247,16696.764214355848,6026.687548550138,0,0,1,0,0.0
(주)플래스크,41590,2017,7,11,4,15,71,70,93,90,34,-13,8,33,52,-17.42,-24.64,-31.14,0.02,-0.7,-2.66,10.25,26.42,25.04772534449937,25.05,60.88,12.51,-55.64,-18.55,-3744,-2,-36,-10,0,0,0.2365666173069163,6.42,1,3,1,0,0,1,26.0,22.0,-14.44277108433735,2514.679942690781,12322.91896582661,5512.042538530109,0,0,1,0,1.0
(주)다산네트웍스,39560,2017,-3,-7,-1,-2,129,107,111,98,21,13,19,59,47,-1.3,-0.89,-0.81,0.3,0.01,0.01,0.97,27.71,-6.923710140837779,-6.92,-5.65,-8.74,37.81,-30.16,57470,17,136,19,-4,16,0.8886111651934003,4.15,2,6,1,1,2,1,31.0,24.0,125.55555555555556,1055.0821331422312,19248.221194102105,561.6504369362372,0,0,1,0,1.0
(주)제넥신,95700,2014,-1,-2,0,-1,708,707,13,7,6,39,618,45,88,-10.65,-10.75,-44.51,-5.83,-6.13,-31.27,4.68,10.74,104.32874697826789,104.33,479.05,33.02,189.43,19.89,5875,5,30,35,-126,0,0.1459595517710998,5.69,1,1,0,0,0,1,25.0,15.0,-45.68138195777351,4029.223502636966,62883.91910683335,24416.85093600434,0,0,1,0,1.0
(주)우정바이오,215380,2022,3,5,2,5,31,23,220,152,43,-33,8,15,31,-6.15,-2.44,-4.01,-2.5,-2.58,-5.37,5.8,0.3199999999999994,-5.1353699640993735,-5.14,-44.82,8.19,50.2,11.23,9591,10,16,20,-20,18,0.4939045057837158,11.42,3,1,1,0,1,2,9.0,9.0,-20.445205479452056,1507.1765340863587,17899.695794424457,954.6639885674224,0,0,1,0,1.0
(주)파커스,65690,2021,6,8,3,4,271,222,81,28,35,26,68,42,55,10.74,7.09,10.19,1.13,0.82,1.28,0.55,21.3,36.39778086316275,0.0,0.0,0.0,0.0,0.0,34123,23,57,36,28,48,0.6388767294440459,5.3,2,1,1,1,1,2,37.0,22.0,4.746153846153846,534.5213266273488,10403.839225104295,462.65381446675394,0,0,1,0,1.0
(주)차바이오텍,85660,2016,10,60,5,9,174,170,103,70,9,26,50,60,49,5.86,4.23,6.1,6.23,5.63,8.85,-0.12,10.95,19.24502471346561,19.25,25.1,11.35,14.09,10.9,210092,27,147,47,13,27,0.5842682624037264,7.93,1,3,1,1,2,1,22.0,19.0,151.1904761904762,1695.5775516859958,35591.55265605047,1429.8784703997846,0,0,1,0,1.0
(주)쎄노텍,222420,2020,5,6,3,11,110,35,189,85,57,3,4,32,35,-22.79,-9.44,-30.64,-2.99,-3.01,-10.7,5.02,-16.759999999999998,-4.872152481653635,-4.87,-0.72,-6.72,-17.01,-8.7,4653,6,9,20,-154,-7,0.2886067344550919,3.87,3,0,0,0,0,1,9.0,9.0,-12.094972067039109,3098.438211419722,20974.84413456718,3714.144874697065,0,0,1,0,1.0
(주)씨유메디칼시스템,115480,2018,9,11,5,7,111,74,116,75,42,4,15,38,46,3.91,2.42,2.27,5.02,4.4,4.8,1.31,11.44,70.06110371343274,70.06,16.15,138.77,30.78,501.11,12963,12,31,17,13,48,0.7276189611249614,5.47,3,3,1,1,2,2,23.0,13.0,80.0,734.5124744141235,11425.849018448507,466.4992945461124,0,0,1,0,1.0
(주)웨이브일렉트로닉스,95270,2017,0,0,0,0,63,41,99,76,39,-14,6,24,50,1.01,1.21,1.85,2.51,2.39,3.82,0.2,11.72,-0.8779362441975382,-0.88,-23.56,9.34,23.73,-11.25,9529,11,33,17,11,24,0.6268950350424131,3.96,3,2,1,1,1,2,25.0,17.0,175.6198347107438,5106.318693760338,101774.84875919156,4092.8290640307,0,0,1,0,1.0
에스지에이(주),49470,2014,-1,-1,0,-1,204,189,96,63,26,33,27,65,51,8.5,7.46,8.38,7.17,5.97,7.87,1.14,6.79,16.67686566785041,16.68,7.62,38.41,13.98,8.53,14016,17,4052,24,35,46,0.7041724389733276,1.96,1,175,1,1,2,1,27.0,23.0,387.5,1020.2871362237656,14247.386726515142,738.147670827868,0,0,1,0,1.0
(주)젬백스링크,64800,2017,3,6,3,5,86,34,334,226,42,-7,6,45,23,-1.45,2.63,2.88,10.45,10.21,12.02,3.83,-2.02,419.8166591146979,419.82,228.3,891.22,485.0,991.6,44534,12,60,23,13,58,0.5064750683443385,16.27,3,5,1,1,2,2,24.0,22.0,425.625,2109.460709505749,8500.120802035814,959.904793954966,0,0,1,0,1.0
동양철관(주),8970,2018,-2,-4,-1,-1,102,81,107,100,23,1,23,49,48,-9.96,-4.27,-4.06,-2.49,-2.54,-2.46,1.0,35.89,8.806964964307658,8.81,27.87,-5.02,10.1,-6.67,15385,9,20,10,-43,13,0.9899838308940218,5.01,3,2,1,1,2,2,51.0,47.0,-18.3132530120482,2286.0544207792195,122439.15811807456,1115.7085052107448,0,0,1,0,1.0
한국주강(주),25890,2019,-8,-11,-3,-4,111,64,51,36,25,3,1,26,66,-35.06,-28.24,-37.4,-8.9,-9.01,-13.52,0.87,-15.12,-19.620652711642126,-19.62,-5.29,-23.77,-7.32,-29.36,-5962,-12,-21,-16,0,0,0.747746076979287,7.13,4,1,1,1,1,3,37.0,27.0,-1.544782251437962,660.0405665256842,69219.77262516359,586.1754921963038,0,0,1,0,1.0
(주)에스아이리소스,65420,2014,17,26,10,9,120,101,128,81,38,7,23,43,44,-59.03,-47.33,-43.36,3.33,3.0,3.41,2.66,-59.66,-28.942987611930025,-28.94,23.19,-45.98,-2.47,-56.73,-5706,-16,-84,-15,0,0,1.0597695315790847,12.13,4,3,1,1,1,3,37.0,22.0,-4.343434343434343,3353.117668149253,10628.15716679766,1388.8097048091506,0,0,1,0,1.0
(주)아이컴포넌트,59100,2014,12,14,6,11,86,50,102,75,43,-5,26,32,50,-9.45,-4.36,-8.26,-1.47,-1.57,-3.0,4.52,3.0700000000000003,-1.9728696356330144,-1.97,11.25,-7.16,1.6,-6.02,6851,13,22,24,-34,51,0.5278757323124833,5.98,3,1,1,1,1,2,24.0,16.0,-44.45945945945946,4126.936879051419,47646.16601479621,3876.4895758150647,0,0,1,0,1.0
(주)라파스,214260,2021,2,4,1,4,169,161,82,67,22,25,21,62,55,10.21,6.61,23.13,-2.24,-2.6,-10.07,3.82,20.08,63.54353652335418,63.54,129.88,10.84,13.87,12.37,14461,15,57,71,33,66,0.207874610830447,6.67,1,1,0,0,1,0,18.0,5.0,78.02101576182136,7133.088964468024,444173.12673069537,18824.73113706605,0,0,1,0,1.0
(주)디모아,16670,2020,10,20,5,28,125,122,125,92,27,10,17,51,45,-77.1,-56.06,-176.18,6.61,5.92,27.78,-0.83,-73.67999999999999,21.408470683309364,21.41,-26.38,273.83,18.35,284.88,-28889,-23,-952,-120,0,0,0.1942919999691049,0.65,0,13,0,0,1,0,42.0,31.0,-1.2554838709677418,1522.5802684495254,16714.3402762177,3487.6318059561268,0,0,1,0,1.0
(주)상보,27580,2016,-3,-4,-2,-2,99,76,214,178,48,-1,32,56,32,-37.51,-12.03,-13.35,-6.2,-6.27,-7.13,1.89,-28.43,-4.565264962082042,-4.57,4.62,-14.15,-15.09,-6.8,5800,3,9,4,-349,-218,0.9001642685028024,4.79,2,2,1,1,2,2,35.0,17.0,-4.672131147540983,1876.5053322445144,53956.37746414953,663.1104760412666,0,0,1,0,1.0
(주)이루온,65440,2016,4,7,3,2,139,134,139,102,39,16,37,59,42,-6.79,-2.26,-1.98,1.4,1.03,0.94,1.25,-7.0200000000000005,-2.2438432216287727,-2.24,-1.95,-2.66,2.04,-5.25,14542,31,112,28,-7,9,1.1137935333871836,3.61,2,4,1,1,3,2,26.0,21.0,-11.25925925925926,2349.9131713381817,25796.56472159401,883.6017704360471,0,0,1,0,1.0
(주)더코디,224060,2018,1,1,0,1,111,105,66,66,31,4,51,44,60,-21.71,-33.55,-33.2,-13.47,-13.82,-29.25,1.13,-12.43,54.075066073605626,54.08,48.08,59.16,-50.23,88.21,-2705,-3,-35,-7,0,0,0.3895389819929379,4.84,1,6,1,0,1,1,25.0,9.0,-6.87962962962963,1864.5723777671144,76421.17894462278,2875.2362101164385,0,0,1,0,1.0
(주)브이티지엠피,18290,2014,2,2,1,2,89,23,310,271,57,-8,0,59,24,-16.97,-4.58,-6.74,0.57,0.57,0.83,7.02,-22.17,1.0803016192888977,1.08,3.19,-1.77,2.32,-3.45,10604,13,35,20,-34,21,0.6760206283423857,5.01,4,2,1,1,2,1,38.0,30.0,-9.166666666666666,1738.460070447261,44140.061879602734,627.3830404459402,0,0,1,0,1.0
(주)휴센텍,215090,2020,-9,-12,-3,-6,235,201,58,54,26,47,122,81,63,-16.44,-12.74,-16.15,1.65,1.02,1.52,6.52,16.74,44.85412571474562,44.85,131.68,-43.93,3.44,-37.92,5684,18,271,31,-52,-19,0.5707396350294104,16.34,1,7,1,1,2,1,9.0,9.0,-7.297297297297297,1037.111453236167,17132.84862385321,1150.45322380107,0,0,1,0,1.0
(주)한송네오텍,226440,2021,-1,-1,0,-1,100,67,109,82,31,0,19,39,48,-7.79,-5.37,-9.28,-0.39,-0.55,-1.29,4.82,-6.18,85.0606945637036,85.06,12.91,213.86,53.04,496.7,3523,4,13,12,-78,-32,0.3297666666863468,4.51,1,2,1,0,1,1,9.0,9.0,-172.27272727272728,2543.243362356074,14910.96819195934,3692.893456237089,0,0,1,0,1.0
소니드(주),60230,2016,-3,-5,-2,-2,72,56,162,148,45,-16,20,40,38,-44.47,-16.11,-18.73,0.36,0.32,0.38,3.32,5.829999999999998,-5.614239182878492,-5.61,37.27,-22.1,-9.87,-8.66,4685,9,16,10,-185,-27,0.8521801008481874,5.62,3,2,1,1,1,2,25.0,22.0,-2.505112474437628,1847.955663242623,16435.13824795598,827.4081173161418,0,0,1,0,1.0
(주)엠투엔,33310,2019,6,10,2,5,78,65,64,47,23,-6,20,22,61,7.75,10.87,9.24,0.9,0.42,0.89,0.92,-0.3599999999999994,2.333500837534772,2.33,-21.15,11.94,-12.74,2.54,13944,14,114,30,31,53,0.4687561030536385,4.6,2,4,1,0,1,2,59.0,27.0,16.025,1165.6496221621942,28905.38286255392,1515.5597335816713,0,0,1,0,1.0
(주)바이오솔루션,86820,2021,-2,-3,-1,-7,178,176,110,109,30,40,59,92,48,-3.68,-2.4,-14.28,-0.05,-2.18,-13.32,-3.82,0.1799999999999997,89.57284559781483,89.57,113.96,-19.34,52.4,-24.56,4864,5,179,41,-35,-8,0.1250186962511908,4.83,0,3,0,0,1,0,24.0,6.0,-102.8436018957346,3908.936909422943,2112558.011261991,14908.403908099288,0,0,1,0,1.0
(주)오리엔트정공,65500,2020,4,6,2,3,79,51,181,131,43,-10,14,37,36,-44.74,-23.61,-22.13,-6.66,-7.95,-10.65,-0.07,-37.190000000000005,-0.0335206419850116,-0.03,3.24,-1.86,-15.54,-24.91,1666,2,9,2,-1091,-676,0.7463924284737852,6.64,3,3,1,1,1,2,37.0,22.0,-3.85377358490566,2443.907606216465,62189.050616602486,1164.9707547677872,0,0,1,0,1.0
(주)제테마,216080,2022,8,9,5,22,58,41,231,109,57,-14,34,19,30,2.61,1.09,3.16,2.63,2.38,8.71,19.93,-20.04,27.33027649611485,27.33,-61.84,181.73,38.44,102.25,28449,15,29,62,5,57,0.2441886881290157,19.93,1,1,0,0,0,1,15.0,5.0,159.7560975609756,4097.762746505239,16460.85291615954,5073.588213529044,0,0,1,0,1.0
마이크로로봇(주),182690,2019,-10,-14,-6,-12,117,114,127,92,43,7,91,48,44,-58.9,-22.1,-40.66,-18.04,-18.11,-33.88,7.11,22.78000000000001,32.47748609977247,32.48,116.94,-2.24,40.92,-9.36,5823,22,50,47,-86,-1,0.4690943344984726,6.47,1,1,1,1,1,1,24.0,10.0,-10.346715328467154,5170.279368613903,50788.41652960283,4858.099549643688,0,0,1,0,1.0
(주)오킨스전자,80580,2017,3,4,2,3,96,69,138,106,48,-2,7,43,42,-4.2,-1.86,-2.63,0.36,0.13,0.19,2.41,30.140000000000004,-1.0820192021273969,-1.08,8.37,-7.15,56.73,-10.86,15351,27,58,39,-7,48,0.6911216148441678,7.05,2,1,1,1,1,2,26.0,10.0,-41.10576923076923,1110.8196516296905,7962.474678849859,674.0997792294611,0,0,1,0,1.0
(주)한중엔시에스,107640,2016,2,2,1,1,83,58,363,239,54,-9,1,43,22,-5.77,-1.34,-1.48,0.63,0.6,0.72,1.71,-7.739999999999999,3.012853811698536,0.0,0.0,0.0,0.0,0.0,18685,22,45,26,-6,16,0.8413661941478981,3.97,3,2,1,1,1,2,29.0,11.0,-10.445205479452056,1047753.9612203244,18230918.925233644,268881.49044094334,0,0,1,0,1.0
(주)로보티즈,108490,2022,18,28,6,27,551,470,45,19,20,60,156,74,69,-0.34,-0.24,-0.87,-1.08,-2.13,-8.36,0.82,-1.4300000000000002,53.249672776559805,53.25,81.23,6.68,15.65,6.83,11804,10,50,46,-2,11,0.2105665228284603,22.77,0,1,0,0,1,0,25.0,6.0,-921.7533797623925,3239.138641735396,21964.98361707809,10605.414823203297,0,0,1,0,1.0
(주)한창,5110,2017,17,30,10,9,290,237,154,71,33,53,114,82,39,3.63,6.35,3.95,5.39,4.88,4.06,0.04,-7.64,26.262704173087137,26.26,51.56,-27.31,122.01,1696.54,15305,15,238,14,29,44,1.0784132395804895,25.43,2,32,2,1,5,2,57.0,48.0,-11.678082191780822,1434.1817307444912,6016.947504312092,524.4359758674752,0,0,1,0,1.0
케이에이치건설(주),226360,2022,6,9,3,9,83,82,78,78,28,-8,15,36,56,-51.82,-104.59,-145.7,2.84,0.92,3.58,12.9,-21.11,-14.625617764622357,-14.63,-2.81,-20.08,14.12,5.59,-56429,-28,-1259,-101,0,0,0.2801628666309466,7.14,1,13,1,0,0,1,9.0,9.0,-0.6269070735090153,522.7519178095938,6433.638156211472,1048.7341324906376,0,0,1,0,1.0
디젠스(주),113810,2015,0,-1,0,0,85,67,240,203,45,-9,14,50,29,6.69,2.21,1.77,4.09,3.98,3.65,1.57,27.200000000000003,3.63601376457043,3.64,4.94,2.34,55.74,1.48,25517,26,78,25,7,28,1.0715790607713649,4.68,3,3,1,1,2,2,18.0,12.0,28.09090909090909,1060.0114372434614,7266.473010986524,291.0776934364666,0,0,1,0,1.0
(주)바이오로그디바이스,208710,2018,15,23,6,6,153,149,66,60,26,19,17,55,60,13.28,9.19,7.17,11.43,11.37,9.8,1.41,4.51,19.759721520492704,19.76,31.6,7.72,16.34,-5.92,31142,41,147,38,19,47,1.0641345193833742,3.37,2,3,1,1,2,2,10.0,10.0,101.94444444444444,1098.221848647396,87240.6033883572,620.9210209111883,0,0,1,0,1.0
(주)유바이오로직스,206650,2022,-1,-4,0,-1,167,94,36,21,10,10,45,25,74,-0.9,-2.8,-6.2,-2.26,-2.41,-6.79,0.5,22.08,7.7294881394202415,7.73,-23.42,25.03,40.83,3.95,28425,18,49,51,-12,17,0.3422477453078273,19.26,2,1,0,0,1,1,14.0,7.0,-141.2698412698413,2715.7746559015777,50365.08180241709,5847.811703001445,0,0,1,0,1.0
글로벌에스엠테크리미티드,900070,2014,19,50,5,7,330,291,32,26,9,45,111,64,76,-4.93,-3.76,-5.41,3.93,3.15,4.83,-0.61,-5.569999999999999,-0.274756543869301,-0.27,-3.96,7.16,-14.4,-15.21,12820,12,47,19,-29,23,0.6543335342210244,3.43,1,2,1,1,2,1,16.0,15.0,-10473.3745143901,489.9221088925357,11708.946451547508,566.6869255724249,0,0,1,0,1.0
(주)오스테오닉,226400,2020,0,1,0,1,208,171,161,84,40,35,49,67,38,-20.21,-10.11,-42.65,0.63,0.39,1.81,13.67,-21.95,21.050016665608386,21.05,34.57,0.79,13.02,-8.72,2786,4,22,22,-193,-84,0.1991872051669815,1.21,0,1,0,0,1,0,12.0,6.0,-7.08235294117647,1618.588001220848,14282.83108549117,3115.586397803616,0,0,1,0,1.0
(주)잉크테크,49550,2015,4,6,3,6,67,39,470,261,59,-15,4,31,18,-60.9,-16.2,-25.31,-3.23,-3.23,-5.56,3.54,-33.91,-8.95196715859405,-8.95,-5.91,-10.25,-9.84,-10.11,8947,7,14,12,-218,-54,0.6094567939877775,4.62,3,1,1,1,1,2,32.0,22.0,-2.600592969080898,2395.2579495458526,21872.103436966507,690.058608112592,0,0,1,0,1.0
한국정밀기계(주),101680,2014,11,21,3,9,383,148,34,26,14,55,28,74,75,-7.9,-6.69,-19.18,-7.42,-8.18,-26.21,-0.99,-5.550000000000001,-6.96422455311321,-6.96,-9.32,0.37,24.32,-6.95,4806,3,29,8,-239,-278,0.3236364247680574,2.95,1,4,0,0,1,0,36.0,15.0,-4.288856304985337,355.98300039506603,9522.381763382078,822.7386973335755,0,0,1,0,1.0
성우테크론(주),45300,2014,9,13,4,9,76,76,75,62,29,-9,16,27,57,-3.33,-1.99,-4.79,1.9,1.05,2.67,0.73,-5.62,-3.6677610306308512,-3.67,-11.18,-0.55,-5.55,-0.4,11796,20,30,51,-9,17,0.3998547440973661,9.15,1,1,0,0,1,1,27.0,23.0,-13.308823529411764,415.2309879284744,8357.51643287849,593.8319849762809,0,0,1,0,1.0
씨비아이(주),13720,2018,14,22,6,9,324,192,68,17,26,23,67,33,60,0.6,0.37,0.57,0.36,0.31,0.5,0.85,3.36,5.327360546771484,5.33,23.05,-1.66,-1.74,-1.04,7363,21,33,34,2,31,0.6074617398075275,5.23,3,1,1,1,1,2,45.0,31.0,143.4375,877.9405106170053,11539.841644621203,860.2731606194535,0,0,1,0,1.0
(주)케이엠,83550,2022,10,15,3,3,222,127,39,32,18,28,44,51,72,5.91,4.79,5.07,4.09,3.79,4.56,0.15,-0.33,2.675165567138719,2.68,1.6,3.83,5.87,1.76,38938,21,54,26,20,41,0.8207580382580383,6.86,3,2,1,1,2,2,35.0,19.0,13.225108225108226,516.8477004101267,5634.835726174062,453.3336639223645,0,1,0,0,0.0
(주)슈프리마,236200,2022,153,4465,9,20,994,815,7,6,0,54,293,60,94,10.27,15.05,19.99,11.87,9.67,19.98,-4.54,-3.370000000000001,10.26786139268837,10.27,40.91,-16.97,23.18,5.32,30381,16,288,34,59,61,0.4613158649253935,6.82,1,9,1,0,1,1,9.0,8.0,7.762638938687702,856.6270857141386,8254.729398697991,1742.0509887504109,0,1,0,0,0.0
메디앙스(주),14100,2022,15,34,5,8,124,80,44,31,14,5,31,27,70,-13.47,-15.94,-16.42,1.51,1.25,2.25,0.35,-18.31,-17.252811432856817,-17.25,-22.67,-15.11,-0.14,-1.6,-6503,-6,-18,-9,0,0,0.6136615996644426,12.92,3,2,1,1,1,2,45.0,29.0,-9.08682634730539,442.3274340038773,16097.23515726414,501.4280752229761,0,1,0,0,0.0
(주)신화콘텍,187270,2022,21,27,8,16,157,119,62,54,29,19,33,53,62,8.59,5.79,10.36,4.94,4.31,8.79,1.04,1.3499999999999996,1.4475261690133998,1.45,16.61,-11.38,2.44,6.95,15983,17,46,36,29,61,0.4864527253968124,4.52,1,1,1,0,1,1,22.0,10.0,10.481012658227847,734.487880863426,4719.774853952335,934.3281081316312,0,1,0,0,0.0
(주)프럼파스트,35200,2022,17,285,2,2,828,704,11,9,1,61,125,70,90,3.62,3.41,4.38,4.46,3.75,5.06,-0.93,-2.26,0.1658367746351128,0.17,2.07,-3.92,2.25,-1.61,4573,11,66,15,29,38,0.7411788567919726,3.45,1,4,1,1,2,1,32.0,22.0,22.98076923076923,947.1647830031156,275035.7957188473,1154.0409868532115,0,1,0,0,0.0
(주)코엔텍,29960,2022,115,385,21,48,532,531,22,11,5,38,339,47,82,24.29,21.4,43.84,25.01,24.04,53.57,-1.71,4.969999999999999,7.259836366866769,7.26,7.18,7.33,21.85,7.72,65457,31,71,73,60,86,0.4335597010619657,9.0,1,1,0,0,1,1,31.0,20.0,9.349693251533742,2234.4300035038327,7711.667512082675,4219.903677431184,0,1,0,0,0.0
제이엠아이(주),33050,2022,10,28,5,6,133,112,102,90,17,15,22,59,49,6.18,3.1,3.82,5.82,5.65,7.28,0.82,1.0999999999999996,4.2883687293314825,4.29,7.95,-0.66,34.13,1.08,19592,23,65,30,13,34,0.7596502917942106,4.34,2,2,1,1,2,1,31.0,27.0,68.23529411764706,894.8798445251969,5627.345477460264,582.0832408106,0,1,0,0,0.0
(주)비엘헬스케어,86220,2022,4,6,3,3,58,36,216,144,53,-19,9,26,32,4.08,1.24,1.1,2.78,2.68,2.45,1.37,1.41,-8.126822382314112,-8.13,-22.56,-1.57,10.63,-1.2,17341,31,44,27,4,25,1.144806894444676,8.26,5,2,1,1,2,4,32.0,9.0,33.25757575757576,1315291.492406211,26677739.85632184,363121.4493014378,0,1,0,0,0.0
(주)소룩스,290690,2022,19,46,7,8,124,113,58,55,15,8,19,43,63,-9.49,-7.75,-7.75,-5.43,-6.07,-7.73,-0.23,-18.630000000000003,-7.404345682808901,-7.4,15.87,-19.74,-20.16,-4.2,5589,8,34,10,-77,-63,0.8170691364548468,3.27,2,3,1,1,1,2,28.0,4.0,-12.19047619047619,1219.3035203499232,3370.9122140735303,945.3899947424062,0,1,0,0,0.0
한솔인티큐브(주),70590,2022,-32,-1312,-14,-9,178,170,71,61,1,28,25,63,58,-18.72,-13.81,-9.82,-8.45,-8.97,-6.72,-0.16,-19.97,-18.402076036522217,-18.4,-22.4,-10.47,-0.53,-35.42,15416,39,609,26,-38,-31,1.485498848677246,4.89,2,18,1,1,4,2,21.0,20.0,-5.288461538461538,984.3615836776196,-9277.051872184373,387.19443603594976,0,1,0,0,0.0
(주)코메론,49430,2022,102,303,6,16,747,548,7,5,2,33,188,38,94,8.45,13.39,19.12,8.29,7.53,18.54,-1.74,-3.5200000000000014,3.94387725483638,3.94,-14.76,20.41,6.29,64.16,33033,16,78,40,48,65,0.3981834158456881,7.5,1,2,1,0,1,1,41.0,23.0,4.53796889295517,461.4352368501988,3807.907941075025,1085.1867019913918,0,1,0,0,0.0
피에스케이(주),319660,2022,67,534,17,17,380,264,34,29,3,60,55,81,75,24.11,19.37,16.8,21.8,20.73,19.93,-0.98,-6.190000000000001,14.370324557470193,14.37,19.55,-3.69,3.39,19.81,194856,41,624,42,40,53,0.975160995675991,8.64,2,11,1,1,5,1,5.0,5.0,6.473308112652375,1262.6037456695162,9637.944742357991,967.8422444858072,0,1,0,0,0.0
(주)스페코,13810,2022,30,53,12,34,250,213,69,44,23,39,108,65,59,1.58,0.87,1.97,-1.84,-4.15,-12.12,-4.51,-2.26,-10.574480840594202,-10.57,-11.74,-8.32,-42.81,-6.49,5732,7,63,18,11,-9,0.3623163955045637,3.54,1,3,0,0,1,1,45.0,27.0,42.407407407407405,1322.982988638344,7834.856340652685,2159.682900548196,0,1,0,0,0.0
국일신동(주),60480,2022,84,0,7,13,1508,1123,9,3,0,36,240,38,92,2.11,2.01,3.74,1.36,0.73,1.43,-1.18,0.2699999999999998,-1.5435819442417278,-1.54,-13.81,7.95,-4.46,-0.06,4672,9,17,17,22,32,0.5149593166398458,4.52,2,1,1,1,1,1,31.0,10.0,27.747252747252748,584.0080534913399,5397.215684513375,1041.6288099115814,0,1,0,0,0.0
(주)케이비지,318000,2022,29,61,6,10,344,257,23,22,9,43,23,61,81,9.77,8.69,13.36,10.12,9.65,16.86,0.44,-3.630000000000001,2.5570185934577507,2.56,-1.6,9.75,-10.5,19.66,7850,18,72,32,41,61,0.565215230218324,2.98,1,2,1,1,2,1,23.0,5.0,14.335839598997492,1347.0740444048606,28195.963465626388,1933.5526258771963,0,1,0,0,0.0
(주)매커스,93520,2022,11,3541,7,11,142,119,207,206,0,28,21,96,33,25.56,10.61,11.48,14.79,14.58,16.23,-0.2,-11.099999999999998,97.66615301261908,97.67,101.51,39.81,37.69,17.54,39757,14,816,21,56,72,0.6761735232681334,9.33,1,43,1,1,18,1,18.0,17.0,3.997975708502024,1367.7201576446244,4812.720589199744,658.9911553565063,0,1,0,0,0.0
(주)비아트론,141000,2022,46,5022,6,17,425,409,15,15,0,41,53,54,87,9.85,9.47,22.38,7.67,7.25,19.68,-1.11,0.6799999999999997,3.0189118350423367,3.02,22.02,-12.81,-11.13,0.82,30444,16,94,43,52,62,0.3631307692668983,11.63,1,2,0,0,1,1,23.0,12.0,6.213102951763859,617.1067611053568,26783.10014988809,1473.0522365016077,0,1,0,0,0.0
(주)위드텍,348350,2022,42,129,11,22,311,273,35,35,8,54,85,80,74,11.72,9.72,16.87,11.77,10.6,19.91,-1.84,0.1100000000000012,17.78639318064673,17.79,15.0,30.09,6.29,1.83,35064,24,249,48,35,41,0.4920129193907335,10.66,1,5,1,1,3,1,21.0,4.0,9.582623509369675,1045.69895805154,5009.529937041505,1577.9079363843296,0,1,0,0,0.0
(주)이랜시스,264850,2022,36,75,11,8,186,135,44,35,15,21,29,45,70,12.98,9.95,6.26,8.87,8.8,6.62,0.35,-3.899999999999999,-2.4293523630486824,-2.43,-14.92,10.95,5.51,-4.32,17867,29,71,22,29,48,1.3461176781780546,6.2,4,3,2,1,3,3,7.0,7.0,25.53191489361702,1645.1966219272715,11100.223551607429,850.5409280157282,0,1,0,0,0.0
(주)케이씨피드,25880,2022,8,9,3,3,148,105,59,56,32,17,22,52,63,7.16,5.45,4.77,6.34,5.06,5.5,-0.5,0.0700000000000002,2.0863992862278447,2.09,-2.73,7.79,16.81,12.55,15490,16,58,18,27,45,0.909992661941636,5.78,2,3,1,1,2,2,54.0,29.0,9.941634241245136,700.2285212541707,50470.40682140202,482.7109297797216,0,1,0,0,0.0
(주)엑스페릭스,317770,2022,105,703,5,16,1846,1558,5,4,1,75,542,79,95,6.74,6.93,20.54,6.69,5.76,18.69,-2.97,-0.6699999999999999,5.415304411807935,5.42,-6.1,97.06,3.85,16.86,6257,12,480,42,49,49,0.3001060583638469,8.34,0,12,0,0,2,0,7.0,5.0,15.22633744855967,943.0025385410686,15638.151286961544,2997.7732663292586,0,1,0,0,0.0
(주)더블유에스아이,299170,2022,27,59,9,19,235,211,51,46,16,41,77,72,66,12.31,8.78,15.9,7.76,6.71,13.58,-1.54,-12.4,9.692031254008608,9.69,-13.73,244.02,-2.33,350.62,9661,17,283,36,45,59,0.4720962036941873,2.95,1,3,1,0,3,1,6.0,6.0,12.72108843537415,1474.4197767318008,12241.919858047486,2069.837134975706,0,1,0,0,0.0
(주)이엠넷,123570,2022,22,1000,6,17,334,334,37,29,1,50,32,72,73,7.54,6.97,16.59,7.78,7.09,21.1,-1.96,-26.54,-5.001595354760801,-5.0,-1.59,-12.65,25.46,-1.99,33399,26,313,76,22,34,0.344802006172015,5.76,0,4,0,0,1,0,24.0,13.0,11.86046511627907,968.5971352687088,15558.359639854809,2055.7274224956204,0,1,0,0,0.0
(주)에스제이엠홀딩스,25530,2022,8,17,2,3,453,305,25,17,9,49,106,63,80,1.15,1.39,2.08,3.07,2.5,4.47,-0.5,-0.98,-0.3041896377575225,-0.3,9.35,-13.54,23.09,-6.1,70813,22,145,38,5,27,0.5613733640535113,4.11,1,4,1,1,1,1,49.0,27.0,26.96850393700788,194.37392188719352,4708.722403711376,277.64603823561475,0,1,0,0,0.0
(주)디앤씨미디어,263720,2022,53,459,10,15,353,347,23,21,2,43,66,59,81,8.63,7.04,10.03,7.43,6.44,9.57,-1.41,-13.409999999999998,6.545004904777836,6.55,-11.74,52.76,-9.21,19.64,19218,20,498,31,32,44,0.6515813613505973,9.32,1,17,1,1,2,1,12.0,7.0,579.4871794871794,3630.5920738498007,50955.85022203152,4531.900978168856,0,1,0,0,0.0
(주)파버나인,177830,2022,5,7,2,3,103,64,85,84,33,2,17,47,54,9.83,5.5,6.18,8.23,7.98,9.45,1.84,-0.75,4.208128903029332,4.21,12.29,-2.06,-6.52,2.96,40949,29,60,35,18,46,0.8275254611016454,6.84,3,2,1,1,2,2,27.0,10.0,65.43859649122807,692.3640987439144,20211.6725611162,451.52473512371927,0,1,0,0,0.0
대정화금(주),120240,2022,41,118,6,12,321,269,19,16,5,29,123,43,84,9.76,9.07,14.22,7.58,6.88,12.0,-1.01,3.34,6.644525519510464,6.64,4.29,8.48,8.64,3.36,28378,16,37,29,48,65,0.5558585082456031,6.27,2,1,1,1,1,1,38.0,14.0,8.376826722338205,787.0323711900828,9032.35350377121,1194.5792824173573,0,1,0,0,0.0
한창산업(주),79170,2022,13,38,2,2,796,445,21,10,6,56,114,64,82,10.36,10.03,6.16,10.01,9.98,7.16,0.13,3.079999999999999,11.339563928546646,11.34,16.89,2.77,34.66,9.86,15486,21,85,16,40,62,1.3229438906251396,6.09,4,5,2,1,4,2,39.0,19.0,7.41554054054054,738.7030499815389,6893.416421930957,459.7783982118592,0,1,0,0,0.0
바디텍메드(주),206640,2022,175,410,19,31,728,536,12,9,5,52,163,60,89,15.35,14.19,21.41,12.89,12.72,20.89,-0.11,-17.4,1.7758091392863589,1.78,-10.51,28.11,-25.13,28.22,65132,33,115,55,39,53,0.6034923463696277,5.05,1,2,1,1,2,1,10.0,10.0,9.651600753295668,1376.97310900384,10435.797736887607,2038.818398964139,0,1,0,0,0.0
(주)메디아나,41920,2022,82,1973,11,16,655,486,15,13,1,62,205,73,87,12.56,12.62,15.51,11.28,10.96,15.52,-0.43,0.6300000000000008,14.722134209778318,14.72,8.26,37.41,20.32,-4.24,24999,24,188,37,42,61,0.6607039098054183,5.7,1,5,1,1,3,1,29.0,10.0,8.033033033033034,950.46352862694,8825.28361275769,1252.4373513571943,0,1,0,0,0.0
(주)우리로,46970,2022,-2,-4,-1,0,218,137,62,56,17,41,24,75,62,-8.84,-6.09,-3.5,2.71,2.19,1.36,0.19,-53.48,-1.695470537474401,-1.7,1.08,-9.32,-7.8,22.56,9068,15,96,9,-38,6,1.6237235697346344,15.04,3,10,2,2,6,2,26.0,12.0,-21.38888888888889,982.9700039199488,28722.7889886474,373.8874897172254,0,1,0,0,0.0
(주)신진에스엠,138070,2022,18,22,6,9,289,172,44,26,25,34,40,52,69,5.84,4.28,6.71,6.29,6.07,10.13,0.89,-0.7199999999999998,0.5059642445546073,0.51,-0.33,1.43,8.58,-15.05,22029,20,54,33,20,42,0.5976426469666086,5.1,2,1,1,1,1,1,23.0,13.0,10.411764705882351,604.1925035493102,5614.193831551738,700.654334251527,0,1,0,0,0.0
(주)핌스,347770,2022,14,29,6,6,119,104,66,49,20,6,21,35,60,3.24,1.59,1.42,1.28,1.22,1.33,0.37,-10.76,5.859531110263242,5.86,10.22,3.64,24.87,1.55,22082,23,50,26,5,29,0.8911857975599419,4.8,3,2,1,1,1,3,8.0,4.0,20.22058823529412,1138.129278688016,12677.577404131614,769.6593429631723,0,1,0,0,0.0
삼아제약(주),9300,2022,72,920,8,20,542,485,13,12,1,47,43,58,89,6.76,8.31,14.58,10.73,9.3,22.34,-3.34,4.76,7.414630499632527,7.41,41.89,-19.17,49.45,-4.38,41177,20,116,50,29,48,0.4020687335300991,4.14,1,2,1,0,1,1,51.0,24.0,8.529713114754099,587.2091273770791,5410.0079063480325,1298.177443838729,0,1,0,0,0.0
(주)인포바인,115310,2022,82,1098,6,32,999,998,8,8,1,63,284,70,93,6.08,6.93,28.75,7.98,6.56,32.81,-7.0,0.1100000000000003,11.235516585448138,11.24,0.26,49.8,7.29,666.12,13425,12,105,64,45,54,0.1897001717379396,6.72,0,3,0,0,1,0,24.0,14.0,7.607142857142857,666.6106642442154,9439.77528061815,3253.102198064653,0,1,0,0,0.0
(주)보락,2760,2022,15,58,3,4,268,123,26,20,5,27,32,43,79,6.54,5.63,6.34,5.66,5.6,6.78,0.07,2.75,8.157756896382397,8.16,26.92,-2.74,21.81,-4.09,15487,25,53,32,20,35,0.7951555624638538,6.95,5,2,1,1,1,2,65.0,35.0,31.5686274509804,1993.2106539826275,37842.158422321925,1991.1131511538129,0,1,0,0,0.0
(주)세화피앤씨,252500,2022,117,0,10,11,858,703,10,9,0,65,59,73,91,3.6,3.27,3.48,2.31,2.02,2.18,-0.31,-11.09,-0.9110248883367916,-0.91,-0.5,-2.01,-4.39,-7.1,11175,27,117,29,12,22,0.9312839657019706,7.35,2,4,1,1,3,1,8.0,8.0,40.0,1429.6604654005318,26718.06375395217,1400.4310058825797,0,1,0,0,0.0
(주)파인텍,131760,2017,-6,-9,-4,-5,77,70,263,242,44,-15,9,52,28,-50.43,-13.0,-18.22,4.33,4.29,6.5,3.27,-33.82,-31.521255079412235,-31.52,-40.34,-18.66,-20.47,-33.45,22951,15,65,19,-97,47,0.8129248536385982,2.07,1,3,1,1,2,1,16.0,9.0,-2.391595887349128,1321.4684724549013,8695.585081163887,447.94672622736897,0,1,0,0,1.0
(주)윈팩,97800,2015,17,19,10,17,26,22,143,130,50,-40,13,14,41,-22.63,-9.63,-18.66,-6.74,-6.77,-13.18,4.03,-10.53,-14.580692203972903,-14.58,-19.04,-13.81,-13.86,-13.08,18631,24,29,43,-43,30,0.5573353005919233,9.56,4,1,1,1,1,4,22.0,11.0,-7.394366197183099,1909.925239530633,8870.09562583669,1410.044017414007,0,1,0,0,1.0
(주)에스지엔지,40610,2020,41,55,7,55,32,24,20,12,12,-7,8,3,83,10.3,7.24,65.78,0.13,0.13,2.26,2.74,9.74,-70.47582224713503,-70.48,-97.71,-51.18,-95.7,-86.54,44881,14,161,111,59,89,0.121978058039418,0.53,0,0,0,0,0,0,31.0,24.0,6.57563025210084,192.987284723916,263096.3175908938,1320.8032596070732,0,1,0,0,1.0
(주)삼진엘앤디,54090,2014,11,21,5,4,142,106,95,72,26,16,25,52,51,-8.9,-4.71,-3.49,-0.81,-1.04,-0.81,0.92,-11.07,-6.032479355745998,-6.03,-8.96,-2.58,-7.23,-1.81,43005,25,63,19,-19,15,1.3299811552935468,5.89,3,3,1,1,3,2,37.0,20.0,-7.05,515.1914119482502,3845.801575668048,198.21693984133788,0,1,0,0,1.0
신송홀딩스(주),6880,2015,13,38,4,4,229,172,42,17,10,15,92,27,70,1.29,1.72,0.9,1.75,1.54,1.57,0.03,-0.91,-4.460639013236572,-4.46,-22.59,4.74,-2.59,7.5,26722,12,52,12,8,30,1.0060358843627182,9.31,4,5,2,1,1,3,54.0,11.0,4575.0,676.4046545297685,6719.865047709381,473.538951625311,0,1,0,0,1.0
(주)삼영,3720,2015,1,2,0,0,101,66,58,48,21,0,3,31,63,-12.28,-7.71,-10.15,-6.98,-6.99,-9.88,0.92,2.6900000000000013,-8.692656811858036,-8.69,-12.32,-7.0,-20.87,-8.01,12630,7,12,10,-101,19,0.7408265629153987,4.24,4,1,1,1,1,2,65.0,48.0,-13.73076923076923,563.7528277977462,12243.77396326868,481.2061561942852,0,1,0,0,1.0
(주)코이즈,121850,2016,20,25,9,16,115,77,84,69,36,5,30,43,54,5.24,2.99,4.76,1.57,1.41,2.52,1.26,13.81,-5.314868362323319,-5.31,1.55,-9.92,20.9,-29.1,11706,21,51,37,13,44,0.572442148778989,5.13,2,1,1,1,1,1,18.0,12.0,33.758865248226954,1586.9664545658188,8272.832861526751,1504.288636602469,0,1,0,0,1.0
(주)솔고바이오메디칼,43100,2014,5,7,2,4,113,56,92,86,34,6,13,51,52,-7.09,-5.06,-8.27,-0.72,-1.47,-2.94,3.47,8.27,-12.38961604386146,-12.39,-13.85,-10.82,-14.0,-20.07,8508,15,63,28,-29,9,0.5348352591530037,3.45,2,2,1,1,1,1,29.0,24.0,-246.0,1051.4425227883175,13907.734515281736,1025.2121901884277,0,1,0,0,1.0
에이치엘비생명과학(주),67630,2014,34,59,20,18,113,95,148,113,34,6,16,51,40,11.47,4.23,3.84,5.01,3.56,3.97,1.27,56.55,-30.753523759789108,-30.75,-51.9,29.5,83.21,14.92,12751,38,360,35,11,18,1.094805071330084,5.29,1,11,1,1,3,1,26.0,16.0,44.16666666666666,1316.8300732369444,1696.716212646037,484.123687892182,0,1,0,0,1.0
(주)에이원알폼,234070,2021,45,3899,22,70,57,48,92,62,1,-14,12,18,52,-42.47,-16.05,-60.14,-15.24,-15.25,-57.61,5.75,-6.719999999999999,-25.26666301904657,-25.27,-12.69,-27.62,-36.33,-28.56,14297,22,28,71,-84,73,0.3095345264288933,5.01,2,0,0,0,0,2,19.0,9.0,-5.188974733764878,2547304.4742696127,5818194.5904749,4281915.059580197,0,1,0,0,1.0
(주)케이에이치필룩스,33180,2020,14,21,4,13,100,67,42,38,20,0,18,27,70,-17.37,-18.77,-39.67,0.33,0.01,0.05,2.95,-12.080000000000002,-8.069035714434737,-8.07,-19.28,-3.08,-12.06,14.08,-5836,-2,-6,-5,0,0,0.3101109581804079,4.94,2,1,0,0,0,1,41.0,23.0,-6.813643926788686,1365.6416300818466,52077.71988078495,3103.3544113069893,0,1,0,0,1.0
서울식품공업(주),4410,2020,12,17,7,9,70,56,164,110,42,-13,7,29,38,-9.36,-3.43,-4.06,1.22,0.99,1.21,2.12,-1.7199999999999998,-1.5994884122356934,-1.6,-0.91,-1.88,-0.94,-2.65,16830,23,35,27,-15,19,0.8236042557873618,6.76,3,1,1,1,1,3,59.0,51.0,-32.19178082191781,3018.09599247281,13894.686382484926,1390.5782707571686,0,1,0,0,1.0
(주)하이소닉,106080,2015,6,10,3,2,131,115,84,58,27,10,23,41,54,2.87,1.44,1.16,3.09,2.92,2.51,1.46,35.96,-9.92224267011948,-9.92,1.58,-16.45,52.36,-12.84,27581,63,136,51,2,30,1.226898887984896,5.1,3,2,1,1,2,3,23.0,14.0,-136.47058823529412,2237.881122330658,11970.96122681461,988.984290821568,0,1,0,0,1.0
테라사이언스(주),73640,2014,-2,-3,-2,-7,50,17,206,190,52,-31,2,31,33,-14.86,-6.07,-21.31,-3.95,-3.99,-16.29,9.96,-5.34,-0.4554066789087898,-0.46,-8.83,3.88,9.29,4.21,2592,2,3,7,-291,-129,0.2456808456091718,5.06,2,0,0,0,0,1,31.0,20.0,-2.665399239543726,399.689911728194,13936.371409926012,532.0332283697524,0,1,0,0,1.0
(주)투비소프트,79970,2019,-4,-6,-2,-4,114,112,81,79,30,6,18,50,55,-37.84,-29.99,-52.64,-10.75,-11.26,-26.49,2.91,8.589999999999996,-18.521182751884734,-18.52,-13.26,-23.1,-24.37,-2.13,9030,10,360,22,-238,-106,0.4732986356190124,3.8,1,16,1,0,1,1,24.0,14.0,-5.0,1471.517273544599,157512.88080814423,1722.0540733829198,0,1,0,0,1.0
(주)씨티프라퍼티,52300,2014,137,428,26,21,212,211,24,17,6,16,89,30,81,-25.2,-13.97,-10.23,-4.47,-4.76,-4.6,1.24,-15.2,-29.24374940377871,-29.24,-46.35,-18.24,-23.56,-49.95,9135,24,1326,19,-54,38,1.248897339251376,7.91,3,47,1,1,2,3,29.0,23.0,-5.956989247311828,1215.0876549364011,59337.85822300925,785.6984745957319,0,1,0,0,1.0
(주)아이윈,90150,2015,4,6,2,2,189,123,136,72,38,27,51,58,42,2.24,1.15,0.95,1.7,1.55,1.6,1.12,0.1700000000000003,-2.8603761062823647,-2.86,-3.92,-1.37,2.34,-1.68,15982,16,91,16,6,25,0.9868114373257704,5.99,3,6,1,1,2,2,25.0,18.0,130.96153846153845,789.0309694414269,23478.75154743393,339.0462849928043,0,1,0,0,1.0
성우전자(주),81580,2019,57,115,11,11,298,273,23,20,9,33,37,50,81,-5.59,-4.26,-4.53,-3.06,-3.83,-4.27,-0.54,-13.56,-7.882418730695977,-7.88,-15.42,0.94,-25.13,2.94,24268,19,48,20,-22,18,0.9357555072181842,11.85,2,2,1,1,2,2,37.0,17.0,-28.144329896907216,411.1862684055163,47328.91656195642,356.5559027210768,0,1,0,0,1.0
이화산업(주),760,2019,1,2,0,2,47,35,59,51,31,-17,14,15,63,-4.35,-9.08,-7.71,-0.53,-0.59,-2.74,4.83,-3.35,-1.646666544489,-1.65,-6.58,-0.72,-10.7,-22.82,5989,2,97,10,-79,-4,0.2182507259196467,3.42,2,9,1,0,0,1,74.0,30.0,-11.055634807417974,243.96763188113025,16736.34358710746,703.3674510845213,0,1,0,0,1.0
(주)미코,59090,2014,-2,-3,-2,-2,96,78,177,108,46,-2,20,37,36,-0.02,0.26,0.28,3.58,3.35,3.9,4.08,54.99,-5.984545274663771,-5.98,-3.0,-7.67,9.97,-8.71,62441,41,76,46,1,24,0.8881145560502731,7.51,3,2,1,1,1,2,25.0,22.0,21.91176470588235,645.1089244770628,15133.841125258685,262.00941219919235,0,1,0,0,1.0
(주)판타지오,32800,2018,-18,0,-4,-12,256,256,24,24,0,30,61,49,81,-19.62,-21.43,-67.57,1.98,0.68,2.59,-4.72,0.0,0.0,-17.87,-28.57,-4.36,2.33,-6.2,-6088,-13,-897,-45,0,0,0.0,0.0,1,5,0,0,1,1,0.0,0.0,0.0,0.0,0.0,0.0,0,1,0,0,1.0
(주)기산텔레콤,35460,2017,-2,0,-1,-1,232,147,100,72,0,47,62,83,50,-13.79,-8.26,-8.73,-4.14,-4.48,-5.09,0.41,-7.169999999999999,-5.48798744341276,-5.49,-7.29,4.6,7.26,-6.62,5297,8,264,8,-105,-65,0.9049043762552782,3.24,2,29,1,1,6,1,30.0,25.0,-19.96551724137931,1206.020486122165,69132.86880425399,664.9283929741458,0,1,0,0,1.0
(주)예스티,122640,2020,3,4,2,5,74,60,153,107,52,-11,15,32,39,0.48,0.38,0.61,0.62,0.27,0.7,2.2,59.25,-3.644700310340062,-3.64,6.42,-7.66,23.84,2.04,26048,16,53,39,2,30,0.3987597953939041,5.7,2,1,1,0,1,1,24.0,9.0,76.72413793103448,2031.9590408553447,11530.577168365136,2012.3770168459528,0,1,0,0,1.0
조아제약(주),34940,2016,4,8,1,2,186,158,60,51,18,28,11,60,63,0.34,0.17,0.2,0.35,-0.01,-0.01,0.41,-1.8,1.0083203107388494,1.01,7.11,-6.81,10.83,4.79,22662,30,105,41,1,16,0.7397137505500027,2.68,2,3,1,1,2,1,28.0,25.0,463.0,2785.0283271020107,140879.01301350576,2359.5870379692874,0,1,0,0,1.0
(주)에스앤더블류,103230,2014,42,117,12,18,237,94,40,19,10,18,20,32,72,0.36,0.28,0.39,0.14,0.09,0.14,0.1,-0.66,-0.8865504150430038,-0.89,-4.79,1.07,2.01,-0.19,13183,17,29,26,2,23,0.6601270494526696,6.12,5,1,1,1,1,2,15.0,15.0,71.96428571428571,263.0665927295052,2097.822619756492,285.46546336192057,0,1,0,0,1.0
(주)씨앗,103660,2020,7,10,7,10,49,27,1785,1428,71,-38,8,37,5,-284.09,-17.89,-21.8,-6.48,-6.49,-9.38,3.46,-284.09,10.051688507876529,0.0,0.0,0.0,0.0,0.0,2976,10,26,15,-144,-67,0.6914158730965916,7.7,3,2,1,1,1,2,18.0,9.0,-4.345654345654346,17035737.160820648,13295970.4803719,1307446.1016863063,0,1,0,0,1.0
(주)셀바스에이아이,108860,2020,6,8,3,7,172,152,85,46,32,18,56,43,54,12.3,5.65,12.31,-1.41,-1.65,-4.4,2.91,34.71,-2.7512763197713337,-2.75,-4.47,-1.43,-1.77,-10.83,24251,26,101,70,18,35,0.380040943920021,6.54,1,1,0,0,1,1,25.0,15.0,21.796875,1244.2051574067134,124758.6606750047,1768.7582010395406,0,1,0,0,1.0
(주)미래엔에듀파트너,208890,2022,-2,-3,-1,-1,81,63,189,175,40,-11,32,49,35,-29.73,-13.07,-7.01,-7.26,-7.59,-4.4,1.16,41.8,-0.1363103155927547,-0.14,13.31,-10.44,62.53,30.88,2508,32,450,19,-38,40,1.72377703744499,12.72,5,27,2,2,3,4,15.0,10.0,-4.135338345864661,1279402.7316352895,2204772.264631043,256809.5732068761,0,1,0,0,1.0
진양화학(주),51630,2019,3,195,1,1,129,96,41,30,0,6,6,28,71,-7.57,-5.43,-4.71,-6.95,-7.09,-6.17,-0.12,-6.430000000000001,-6.247549665738495,-6.25,-18.31,-0.55,-10.45,-0.03,3510,9,13,8,-60,-49,1.1887013550071264,6.8,5,2,1,1,2,4,23.0,23.0,-26.571428571428573,2093.5216647414145,43826.406588098536,1253.0430926235306,0,1,0,0,1.0
(주)상지카일룸,42940,2014,-22,-84,-15,-15,120,120,219,200,18,13,8,76,31,-68.13,-29.16,-29.81,-16.93,-18.06,-20.26,0.58,-74.27,-20.901879674591616,-20.9,-30.88,42.55,33.44,-7.67,-977,-4,-82,-4,0,0,1.0093415106742645,2.31,1,18,1,1,5,1,45.0,24.0,-1.3850415512465375,1451.5302037244037,2859.836958253484,451.2481448860805,0,1,0,0,1.0
(주)비보존제약,82800,2016,23,52,10,6,196,99,85,69,20,36,11,73,54,-7.52,-4.39,-2.61,1.71,1.08,0.72,0.49,25.610000000000003,-13.852144147242637,-13.85,-8.71,-25.18,-23.99,-13.93,6983,17,193,10,-26,29,1.6256019483222257,7.53,4,11,2,2,5,2,22.0,19.0,-26.80851063829787,2101.8506442883177,8143.955817980192,700.7892659953643,0,1,0,0,1.0
(주)코세스,89890,2015,7,15,6,5,58,40,754,713,40,-35,4,48,12,-19.1,-2.31,-2.06,-0.21,-0.28,-0.25,1.38,73.83000000000001,-12.400895692691972,-12.4,-11.91,-12.85,16.74,-5.83,9740,27,68,23,-9,26,1.1721203286716424,6.14,4,3,1,1,2,2,30.0,18.0,-31.818181818181817,6549.214097432393,75714.71721639678,654.1877017844683,0,1,0,0,1.0
(주)장원테크,174880,2018,24,96,9,8,141,102,56,44,9,12,42,40,64,14.99,9.96,7.77,12.14,12.06,9.78,0.55,20.23,14.93744659593214,14.94,22.59,10.36,33.42,7.91,39780,39,75,34,23,47,1.1529085374683958,9.27,4,2,1,1,2,3,24.0,8.0,10.872836719337847,1324.48312250938,8128.453012325343,738.6609484409876,0,1,0,0,1.0
(주)비케이홀딩스,50090,2014,7,13,5,29,69,66,188,150,36,-16,1,36,35,-43.41,-28.45,-115.83,1.29,1.23,8.47,11.98,-39.44,-20.40568145008338,-20.41,35.1,-35.36,-77.23,-53.15,2007,2,9,15,-761,-49,0.1634449793258029,2.37,1,0,0,0,0,1,24.0,20.0,-5.199203187250996,2533.609138330376,13010.633848475918,5376.199647321553,0,1,0,0,1.0
(주)원림,5820,2020,20,40,5,13,313,271,33,24,12,38,29,56,75,16.31,16.37,26.77,4.21,3.19,7.93,-1.09,12.98,8.720193189621574,8.72,26.96,-7.84,-13.52,10.1,34434,19,135,50,53,74,0.3855492277944484,4.07,1,3,1,0,1,1,56.0,34.0,2.135038474043568,324.9035822006812,3447.830364836776,633.9325673319687,0,1,0,0,1.0
(주)에스케이씨에스,224020,2019,5,7,5,5,31,18,9039,8254,70,-63,0,28,1,-35.72,-0.46,-0.45,1.37,1.36,1.33,3.52,349.75,-4.041729909929028,-4.04,-3.0,-4.44,-11.29,-4.09,3536,20,30,19,-2,44,1.044921836965509,7.32,6,2,1,1,1,4,20.0,8.0,-37.58064516129032,18465850.51546392,6836593.511450382,193516.36776145204,0,1,0,0,1.0
(주)제닉,123330,2019,-12,-14,-6,-7,88,64,114,113,45,-6,30,47,47,-36.2,-18.25,-22.88,-7.41,-7.65,-9.62,2.19,-3.3200000000000003,-20.683399912614693,-20.68,-19.24,-21.9,-24.29,-23.09,6075,10,21,12,-197,-108,0.8987542138114889,6.45,3,2,1,1,1,2,23.0,13.0,-1.0123456790123455,1268.9944781053869,25012.400892719023,658.995542691153,0,1,0,0,1.0
제룡전기(주),33100,2022,-28,-1970,-5,-6,401,246,24,23,0,57,88,76,81,19.2,15.65,14.5,19.75,19.34,18.57,-0.39,17.21,13.537630380557758,13.54,21.0,-4.72,76.42,-2.38,28122,32,158,33,44,61,0.9791777229433484,8.05,2,5,1,1,4,1,38.0,27.0,14.47876447876448,2551.2105621599817,-10616.876927738334,2099.694097183635,0,0,0,1,0.0
(주)에너토크,19990,2022,16,34,2,5,370,256,17,15,7,35,84,48,86,1.7,1.98,2.89,2.72,1.82,3.6,-1.53,-2.6,-0.3859668132421428,-0.39,8.5,-7.45,16.45,-8.91,8246,16,61,31,9,22,0.5080609678356609,4.2,1,2,1,1,1,1,37.0,18.0,93.86792452830188,2186.3423988404984,-98550.34527568248,3692.8061378907264,0,0,0,1,0.0
(주)이글벳,44960,2022,24,42,5,7,320,178,28,19,13,33,21,48,78,6.31,5.8,6.07,6.94,6.62,8.17,0.13,-2.95,4.306955105348587,4.31,-1.77,10.58,7.67,2.2,7760,14,46,18,34,51,0.7935578180921591,5.87,3,2,1,1,2,2,41.0,24.0,25.35407476201533,1606.9337253470433,-217130.43986221863,1585.327659399719,0,0,0,1,0.0
(주)마니커에프앤지,195500,2022,-7,-11,-3,-3,162,115,60,58,25,23,13,59,63,-0.41,-0.26,-0.29,-0.69,-1.65,-1.93,-0.29,-0.0699999999999999,-1.9264180855229605,-1.93,-7.31,7.01,5.22,9.96,12188,12,30,14,-2,30,0.8641183073621742,7.75,2,2,1,1,2,1,20.0,5.0,-187.8125,738.4763139855681,-3536.3647855981453,535.6101936123886,0,0,0,1,0.0
(주)티비씨,33830,2022,47,1326,3,8,1284,1284,6,5,0,60,36,65,94,4.13,4.95,11.6,4.81,3.17,9.54,-4.91,0.1100000000000003,1.441723872062317,1.44,5.97,-5.97,-0.84,1.73,23805,18,149,56,21,35,0.3299972632076292,3.06,1,3,0,0,1,1,30.0,14.0,21.346153846153847,912.8908227480354,-53426.876895811816,2612.7921787219525,0,0,0,1,0.0
(주)위세아이텍,65370,2022,14,22,6,8,103,102,75,41,28,1,30,24,57,14.41,19.32,10.21,3.03,2.7,3.44,2.27,-1.59,3.28252780844238,3.28,-18.13,12.69,11.24,17.61,17052,35,381,45,23,40,0.7728971037111624,30.71,3,2,2,1,1,3,34.0,4.0,17.488076311605724,2584.59521578457,-54129.223875504,1908.9646869337944,0,0,0,1,0.0
모바일어플라이언스(주),87260,2022,12,25,4,6,191,160,56,55,18,32,50,67,64,4.7,3.41,4.02,-0.48,-0.94,-1.37,3.82,-1.1899999999999995,-11.084749267513024,-11.08,-15.96,0.95,9.83,-3.5,7782,11,180,15,27,73,0.7281796199568848,3.57,1,12,1,1,2,1,20.0,7.0,44.83870967741935,1964.5747159319285,-587990.0043532217,1724.6953486106845,0,0,0,1,0.0
(주)시공테크,20710,2022,-6,-44,-1,-2,164,164,31,27,3,13,63,34,76,5.8,7.37,6.91,-1.65,-3.27,-5.19,-2.48,3.31,4.208073895471587,4.21,-19.92,23.0,8.23,17.3,19930,12,63,20,35,21,0.6160837490496067,12.67,2,3,1,1,1,2,36.0,25.0,-85.71428571428571,678.4565306772166,-26301.010103534205,840.2711689217756,0,0,0,1,0.0
대모엔지니어링(주),317850,2022,0,0,0,0,275,148,46,26,18,31,32,48,68,2.7,1.77,2.35,3.09,2.85,3.89,0.4,-7.419999999999999,-12.924294437634492,-12.92,-18.39,-7.14,10.62,-3.3,11513,17,34,21,11,29,0.7871196125523895,6.98,2,2,1,1,1,1,35.0,5.0,59.05172413793103,2397.960670978282,-57997.35757421651,2081.1160511819508,0,0,0,1,0.0
(주)네오셈,253590,2022,6,19,3,6,154,81,110,104,18,27,45,77,48,17.66,9.75,13.39,8.31,7.62,11.2,2.13,5.67,47.24492937174291,47.24,68.5,4.0,100.86,32.67,25877,20,211,35,39,55,0.5708373827703697,5.63,1,5,1,1,3,1,8.0,6.0,13.678861788617889,2077.7024651669635,9747.090255170748,1732.881443770301,0,0,0,1,0.0
(주)파워풀엑스,266870,2022,-5,-10,-1,-2,443,352,29,22,12,59,59,76,78,22.19,19.62,20.34,-3.89,-4.83,-6.83,-0.87,23.93,-13.35389034051869,-13.35,-26.31,93.73,-8.11,129.44,3282,19,147,25,82,0,0.7618729405602233,11.08,1,7,1,1,4,1,10.0,7.0,2.885514018691589,585321.6831829612,-9980731.147540985,596122.6029976652,0,0,0,1,0.0
(주)티피씨,130740,2022,5,9,1,2,186,131,45,38,16,22,32,48,69,-2.35,1.9,2.72,-0.7,-1.28,-1.98,0.04,0.4099999999999997,-10.071716168937291,-10.07,-14.33,-5.68,1.18,4.26,23334,20,42,29,10,24,0.6859283793328248,6.0,2,1,1,1,1,1,25.0,13.0,-43.86363636363637,399.4723099527641,-169589.53612987013,401.3310746659052,0,0,0,1,0.0
(주)지엔씨에너지,119850,2022,-16,-44,-5,-6,193,155,46,46,11,29,21,60,69,26.32,18.38,17.5,3.85,3.63,4.1,0.3,21.38,3.2500835225003466,3.25,-6.06,21.68,1.38,4.68,16572,10,61,11,157,39,0.8698885152392942,5.62,2,4,1,1,2,1,31.0,11.0,2.145858343337335,502.43889766033845,-1918.21433654324,395.8685774290825,0,0,0,1,0.0
(주)에이치케이,44780,2022,10,16,3,3,206,119,46,45,19,32,18,63,69,7.46,5.0,5.25,6.89,6.69,7.14,0.35,-2.920000000000001,-1.584161022100554,-1.58,-4.34,3.51,13.37,1.99,16749,19,56,21,26,41,0.9438979198891632,4.98,2,3,1,1,3,1,34.0,24.0,7.971311475409836,608.854430010174,-39600.40192029256,442.29983213161125,0,0,0,1,0.0
(주)오이솔루션,138080,2022,-1,-2,0,-1,255,158,27,26,19,32,60,53,79,-3.89,-4.18,-7.77,-4.08,-4.47,-11.31,0.01,-13.27,-6.89596475789119,-6.9,-7.17,-6.58,-22.02,-5.06,26289,14,70,34,-23,7,0.409504332727928,7.09,1,2,1,0,1,1,21.0,10.0,-36.0655737704918,1266.353526523057,-23431.206258544666,2429.816623531582,0,0,0,1,0.0
(주)룽투코리아,60240,2022,-171,-1113,-23,-33,537,537,15,15,2,56,2,69,87,-55.96,-61.27,-102.65,-28.88,-29.78,-60.4,-0.48,-45.36,-43.94904274124103,-43.95,-41.6,-48.46,-21.03,-28.42,-23936,-56,-4694,-82,0,0,0.6862672436506791,6.98,1,48,1,0,1,1,31.0,22.0,-2.4740484429065743,1977.370661198482,-3481.082759808061,2500.4376585319765,0,0,0,1,0.0
(주)이앤에치,341310,2022,-15,-26,-6,-13,63,48,62,49,23,-11,14,19,62,-54.53,-39.67,-99.01,-15.98,-16.33,-44.19,0.79,-67.63,-34.35454862355776,-34.35,-53.1,-27.53,-27.9,-32.94,-4026,-14,-21,-30,0,0,0.4661526985380656,9.01,2,1,0,0,0,2,23.0,5.0,-1.6021361815754338,1173627.4177129285,-17936110.63094209,1549703.532223135,0,0,0,1,0.0
(주)러셀,217500,2022,12,37,3,6,480,306,41,25,9,68,221,86,71,6.37,5.13,9.13,6.76,5.96,10.74,0.63,-7.14,7.991543822442742,7.99,12.04,-11.79,-27.41,-3.23,12483,16,149,30,31,45,0.5345631287560247,9.6,1,5,1,1,4,1,9.0,9.0,27.216494845360824,1513.2141154960966,-12687.370335182371,2003.13413071497,0,0,0,1,0.0
(주)세경하이테크,148150,2022,138,560,23,18,239,192,20,17,4,20,83,34,83,9.98,7.33,6.34,3.63,3.4,3.07,0.6,-5.76,-20.31935017350744,-20.32,-40.41,-3.83,-2.86,-5.64,96171,46,83,37,17,46,1.248311185062006,9.86,3,2,1,1,2,3,18.0,5.0,11.074766355140186,801.6941326931969,2949.515458288261,535.7577531819292,0,0,0,1,0.0
(주)베셀,177350,2022,-14,-24,-9,-17,76,46,176,138,38,-12,7,38,36,-35.28,-19.82,-31.85,-7.28,-7.39,-14.9,3.41,-63.81,-9.335947579447822,-9.34,0.3,-14.37,79.13,-10.62,737,1,3,2,-1907,-1404,0.5213819319651387,10.96,2,2,1,1,1,1,20.0,9.0,-9.29757343550447,2938.269332567309,-16254.077005930614,2044.657230243656,0,0,0,1,0.0
(주)솔트룩스,304100,2022,-6,-13,-3,-7,147,147,75,73,20,20,28,61,57,-19.66,-16.63,-30.89,-1.44,-2.47,-6.46,2.2,-10.53,-1.7033357921490035,-1.7,-5.69,5.37,13.27,50.83,9113,12,419,30,-103,-76,0.3851565332488824,11.08,1,17,1,0,1,1,43.0,4.0,-16.262403528114664,3354.7690948254512,-74356.25070607777,4972.141429634697,0,0,0,1,0.0
코위버(주),56360,2022,-24,-69,-5,-10,310,180,28,27,8,45,15,66,78,3.46,3.16,5.01,0.54,0.18,0.33,-0.32,-2.1500000000000004,5.940900846072613,5.94,14.55,-7.55,4.56,0.44,14102,8,39,16,32,34,0.530735003185719,4.25,1,2,1,1,2,1,24.0,23.0,13.68627450980392,519.2192356706324,-4865.690430932572,762.8633673112009,0,0,0,1,0.0
(주)본느,226340,2022,-1,-2,-1,-1,77,66,176,116,41,-10,14,32,36,8.32,1.65,1.74,2.4,2.08,2.88,4.23,22.81,1.2582386640837,1.26,10.38,-2.58,12.85,-2.48,9139,11,102,15,12,47,0.7177550728316824,8.71,3,7,1,1,1,2,9.0,9.0,-55.333333333333336,1662.4923091347296,-14340.010726588487,839.2799060847885,0,0,0,1,0.0
유엔젤(주),72130,2022,-2,-8,0,-1,745,730,13,10,3,55,159,64,88,4.16,4.92,7.35,2.12,1.38,2.82,-1.26,-28.94,-1.1229412654350104,-1.12,-7.3,11.96,1.22,3.27,18299,30,410,61,12,18,0.492348652731781,9.34,1,5,1,0,1,1,25.0,21.0,47.77777777777778,738.5230987072564,-16240.2201027446,1321.9652112040435,0,0,0,1,0.0
(주)티에스트릴리온,317240,2022,-13,-16,-10,-11,26,11,292,284,64,-53,0,19,26,-60.59,-15.73,-16.18,-8.69,-8.69,-9.24,3.52,-25.6,4.400654486284214,4.4,-22.38,13.68,26.18,17.17,-2909,-4,-5,-5,0,0,0.921084598059629,16.0,9,1,1,1,1,4,5.0,5.0,-6.122641509433962,3515.877536157526,-17335.059007603257,974.1140527976368,0,0,0,1,0.0
(주)엑시콘,92870,2022,-19,-59,-3,-5,351,177,17,14,5,29,25,41,85,10.97,13.89,16.69,6.6,6.35,11.25,-0.43,-18.55,10.515160932063148,10.52,45.67,-5.47,37.73,-6.5,30359,18,67,33,50,57,0.5374273221130196,6.64,3,2,1,1,1,2,23.0,9.0,9.008919722497522,681.1161605516452,-38749.25086651418,1081.8161133982962,0,0,0,1,0.0
(주)루켄테크놀러지스,162120,2022,-7,-11,-5,-11,89,54,260,197,50,-6,1,49,28,-13.52,-4.54,-7.78,-3.55,-3.61,-6.98,3.59,-30.51,12.080731085498272,12.08,43.52,-7.15,-12.01,-8.74,4422,8,19,17,-47,-16,0.4886590197229276,3.22,2,1,1,1,1,1,17.0,7.0,-19.680851063829788,2696469.708222812,-17377249.230769232,1534501.800067927,0,0,0,1,0.0
에스비더블유생명과학(주),151910,2016,-12,-42,-8,-16,73,63,188,182,19,-17,23,46,35,95.37,22.36,74.29,-37.11,-37.12,-129.99,6.74,152.66,-59.06853592006832,-59.07,-62.54,-55.56,-56.06,-54.68,59883,74,147,151,49,67,0.4916443471219658,2.15,1,1,0,0,1,1,20.0,12.0,0.5239862935465448,6322.30170240402,-7804.228066105844,4459.596241022353,0,0,0,1,1.0
(주)굿센,243870,2019,-20,-47,-12,-19,60,58,139,126,25,-21,15,31,42,-55.19,-35.38,-51.27,-6.62,-6.74,-13.34,3.83,-34.98,-26.648231581335995,-26.65,-53.01,-1.3,-61.65,-8.12,3282,24,1316,40,-127,-21,0.5975217954765298,3.02,1,22,1,1,1,1,20.0,8.0,-3.0093118328412447,4016231.033268791,-27790753.34957369,2811262.7525874814,0,0,0,1,1.0
컨버즈(주),109070,2014,-2,-2,-2,-2,58,28,1136,868,71,-30,0,41,8,-87.64,-6.8,-9.59,-2.34,-2.41,-3.4,4.36,2.6299999999999955,-9.386757067702586,-9.39,-14.7,-5.36,-10.78,-5.47,4887,7,12,10,-99,-7,0.746035523346476,3.85,3,1,1,1,1,2,15.0,15.0,-1.83641975308642,2165.7235826757524,-20783.86737311964,234.8733546694031,0,0,0,1,1.0
(주)손오공,66910,2014,5,7,3,3,143,78,167,105,42,17,10,56,37,-23.33,-8.45,-9.36,-5.46,-5.86,-6.6,1.73,13.510000000000003,-16.894682055947925,-16.89,-21.06,-10.89,-8.91,-5.46,6598,12,40,12,-75,-9,0.9781455473845364,3.74,3,3,1,1,2,2,28.0,19.0,-22.13740458015268,3127.5709658515366,-62113.12312312312,1196.8479194189947,0,0,0,1,1.0
(주)파인테크닉스,106240,2018,3,7,2,2,79,55,122,106,25,-10,13,38,45,-40.49,-16.47,-16.32,-10.3,-10.5,-14.48,1.86,9.15,-22.28249451391916,-22.28,-40.7,-4.28,-25.89,-34.04,9454,6,33,7,-224,-95,0.8290671036436771,4.27,2,3,1,1,1,2,15.0,15.0,-2.4280575539568345,719.3510074563827,48932.28845608942,391.48819637983206,0,0,0,1,1.0
(주)파인디앤씨,49120,2020,12,19,7,11,65,62,152,116,39,-16,22,30,40,-28.65,-18.64,-19.58,-7.79,-8.08,-13.2,1.33,-20.22,-16.587114006670475,-16.59,-22.71,-13.71,-24.94,-12.68,8366,10,31,14,-136,-33,0.6733531024028939,5.96,2,2,1,1,1,2,25.0,23.0,-3.972286374133949,1323.8016082609656,-52269.76027373572,779.1510268568048,0,0,0,1,1.0
(주)앤씨앤,92600,2014,-13,-27,-2,-3,486,417,20,17,8,56,103,70,83,-4.0,-4.48,-5.32,-3.37,-4.74,-7.51,-1.99,28.05,-2.43980011076077,-2.44,-4.2,1.94,-2.25,-31.7,5849,10,885,16,-33,-27,0.6387591694492948,29.93,1,44,1,1,2,1,27.0,17.0,-22.727272727272727,921.8867407336696,-185653.85210196665,1204.9330940541984,0,0,0,1,1.0
(주)티앤알바이오팹,246710,2020,-276,-717,-14,-100,3542,3246,5,3,2,86,1925,88,95,-15.83,-15.72,-82.36,-13.93,-14.58,-80.95,-3.08,6.889999999999999,79.0673686837475,79.07,87.24,34.68,428.71,189.27,-1623,-3,-99,-24,0,0,0.1402965581393814,18.89,0,6,0,0,1,0,11.0,6.0,-25.186846038863976,3813.7512713558967,-20969.279129564144,25808.80480644904,0,0,0,1,1.0
(주)한국화장품제조,3350,2014,-12,-23,-4,-5,175,147,42,40,15,21,1,50,71,26.65,21.76,22.02,4.74,4.59,5.64,0.63,35.48,16.0601700695487,16.06,5.46,28.94,13.96,2.87,12387,26,99,35,63,65,0.7562778918382218,2.18,2,3,1,1,2,2,62.0,46.0,3.7093779015784585,1092.8347002212429,-155248.06640256554,1021.2463478296356,0,0,0,1,1.0
(주)이미지스테크놀로지,115610,2019,-50,-1447,-10,-8,438,365,25,25,1,68,71,88,80,-51.59,-50.14,-43.09,-35.14,-35.72,-34.03,-0.53,-19.5,-31.650970454283527,-31.65,-23.49,-61.5,11.04,69.58,-2955,-20,-1985,-16,0,0,1.2927369099356203,17.11,2,160,1,1,6,1,20.0,14.0,-2.848360655737705,1819.172645056917,-40537.04648602605,1124.9531298898055,0,0,0,1,1.0
(주)ES큐브,50120,2020,3,270,3,24,62,60,929,754,1,-28,2,45,10,-39.39,-4.61,-31.35,1.76,1.75,12.79,4.05,-17.63,54.08478724872655,54.08,-10.26,274.24,84.57,69.21,3768,1,13,5,-671,-113,0.112845967597423,0.39,0,3,0,0,0,0,47.0,22.0,-0.2018083182640144,1089.0644224677037,-2022.6276406796253,938.209085843149,0,0,0,1,1.0
알에프에이치아이씨(주),218410,2022,8,11,3,12,359,271,54,31,24,52,90,72,65,1.01,1.17,4.5,1.42,0.17,0.74,-1.11,-1.5199999999999998,5.904165442880202,5.9,5.8,6.17,6.37,20.09,44993,10,56,42,11,26,0.2282361670564559,7.41,0,1,0,0,1,0,9.0,9.0,211.7924528301887,1953.4223267696416,151522.9368147388,5566.4103145098425,0,0,0,1,1.0
보성파워텍(주),6910,2018,-29,-65,-11,-12,164,92,59,55,16,22,37,57,63,-7.34,-5.36,-5.79,-0.99,-1.06,-1.24,0.81,3.25,0.5345197669330317,0.53,2.9,-2.46,39.27,-0.71,7737,6,19,7,-79,-23,0.8508050737371576,6.07,3,3,1,1,2,2,54.0,30.0,-21.782608695652176,1465.2427617312596,-9726.567256597602,1086.3040452265209,0,0,0,1,1.0
(주)큐로컴,40350,2018,-19,-27,-7,-45,33,29,55,47,25,-20,10,10,65,-34.81,-124.12,-208.56,-8.98,-9.93,-75.58,11.18,-7.840000000000003,-20.1002764391656,-20.1,-46.64,-15.48,9.71,1573.42,-16945,-18,-1302,-122,0,0,0.1479574206041973,11.71,1,5,1,0,0,1,27.0,22.0,-5.8108108108108105,2319.4668125919466,-18176.52158734995,10117.635440013906,0,0,0,1,1.0
(주)아이에스이커머스,69920,2017,-14,0,-3,-8,291,289,28,28,0,42,71,64,78,58.94,66.6,92.39,-0.68,-1.82,-3.83,-1.88,53.58,9.31198728576729,71.13,97.37,38.67,48.32,-73.6,53739,55,6844,147,63,93,0.3759717281497499,4.6,1,19,1,0,1,1,23.0,17.0,2.5,1249.9134533802162,-18091.92566479367,2590.928689851414,0,0,0,1,1.0
(주)디에스이엔,65150,2017,-10,-25,-5,-4,95,83,118,110,21,-2,27,48,46,-36.27,-13.01,-7.67,-0.08,-0.36,-0.27,2.96,-27.020000000000003,-10.386803310652784,-10.39,35.84,-31.97,-4.0,-71.35,27308,27,341,19,-41,18,1.4121334553789326,13.69,4,8,2,1,2,3,29.0,17.0,-6.477832512315271,2257.5571114084937,-13885.18658156692,731.7718971365438,0,0,0,1,1.0
(주)한빛소프트,47080,2017,-18,-349,-7,-7,216,211,69,41,2,28,42,53,59,6.22,4.81,2.81,-3.29,-3.82,-3.7,-0.1,43.89,-8.509742918267664,-8.51,0.75,-17.01,27.89,43.45,8273,23,2035,21,13,41,1.0799392432982493,7.33,2,114,2,1,2,2,25.0,22.0,42.13592233009709,4995.689376594737,-40436.84112488988,2736.7896938949334,0,0,0,1,1.0
(주)에이디칩스,54630,2014,-29,-40,-16,-8,229,143,118,63,39,37,69,66,46,-70.87,-27.76,-15.5,-22.79,-22.86,-13.19,0.91,-31.040000000000006,-24.115504425170293,-24.12,-28.71,-13.2,-39.16,-3.14,2071,16,53,8,-196,-159,2.008792252446043,9.54,4,7,2,2,6,3,28.0,23.0,-4.178082191780822,2597.429097725257,-5751.1133467719565,593.8065837727976,0,0,0,1,1.0
그린생명과학(주),114450,2022,-20,-30,-3,-5,280,216,19,18,11,27,30,42,84,-6.47,-6.67,-9.66,-4.96,-5.89,-10.84,-1.41,-1.0499999999999998,-13.261839621272497,-13.26,-1.67,-20.18,44.07,-26.42,3747,6,14,10,-94,-16,0.5847171822060425,12.25,2,1,1,1,1,1,19.0,15.0,-25.23404255319149,1689.812539092944,-19541.517981601755,2436.6587209768813,0,0,0,1,1.0
나노캠텍(주),91970,2017,-10,-13,-3,-3,224,194,34,34,19,32,72,57,74,-13.76,-10.65,-12.56,-6.4,-7.83,-9.62,-0.34,-5.68,-12.626550555028471,-12.63,-17.55,-5.14,21.94,-6.29,1232,2,4,2,-660,-451,0.8726473482904835,6.25,2,2,1,1,2,1,25.0,17.0,-11.057692307692308,1665.9017866819966,-16573.827925198657,1421.080009599926,0,0,0,1,1.0
(주)에이비프로바이오,195990,2017,-32,-41,-13,-49,114,70,68,61,31,5,7,41,59,-11.22,-8.8,-25.09,-6.22,-6.9,-25.4,3.95,-11.24,3.3098558255118573,3.31,-31.79,61.21,-7.22,-10.54,718,0,2,2,-1606,-947,0.2672252219917538,2.85,1,1,0,0,1,1,20.0,9.0,-6.366120218579235,842.22284508207,-2512.39135100168,1871.0635505538603,0,0,0,1,1.0
(주)코리아나화장품,27050,2020,11,27,3,4,146,88,47,31,12,10,41,31,68,-0.63,-0.5,-0.62,-0.31,-0.71,-0.97,0.05,-1.39,-6.643890109311449,-6.64,-6.99,-6.49,-26.06,-3.04,18379,16,32,21,-3,30,0.7590105753468743,10.22,4,1,1,1,1,2,36.0,25.0,-354.2857142857143,2546.7026631449944,178382.7767113373,2289.448169945645,0,0,0,1,1.0
(주)천일고속,650,2022,-12,-26,-6,-9,53,50,106,68,23,-16,42,17,49,-19.21,-21.92,-15.93,-9.71,-12.61,-19.66,-3.16,-17.67,-12.535300820255785,-12.54,-35.92,-5.31,28.49,-16.22,16579,30,154,44,-36,-27,0.6874414561677791,46.75,3,3,1,1,1,3,75.0,47.0,-14.373960560703257,3248.7455831138795,-56528.43098414392,2293.382475785397,0,0,0,1,1.0
(주)메지온,140410,2017,-46,-118,-13,-173,344,331,39,39,11,68,156,95,72,-28.08,-17.64,-266.42,-18.91,-19.83,-301.59,35.63,-3.4899999999999984,-22.796031527333337,-22.8,-25.15,107.46,-36.17,323.45,-11411,-15,-1326,-204,0,0,0.0754460855768783,3.93,0,11,0,0,2,0,22.0,12.0,-19.95,6260.349337581502,-25190.117292190203,59589.20154031236,0,0,0,1,1.0
퀀타피아(주),78940,2014,-4,-9,-3,-9,25,25,248,190,31,-41,1,13,29,-72.59,-61.96,-74.99,0.56,0.47,1.63,4.33,-41.45,-25.241094406705628,-25.24,19.06,-29.34,-32.42,-99.67,-7328,-28,-16653,-83,0,0,0.3386405136684672,7.39,3,1,1,0,0,3,20.0,20.0,-1.3298350824587706,1367.358174185431,-7343.968178576187,1161.5809474887478,0,0,0,1,1.0
(주)케이알엠,93640,2022,-4,-5,-1,-5,349,317,35,35,20,64,144,90,74,-19.44,-16.0,-70.67,1.75,0.27,1.43,9.75,-27.22,-13.005060549362806,-13.01,1.17,-60.77,13.3,-7.98,-4651,-7,-1029,-36,0,0,0.2051914756014975,21.34,0,27,0,0,1,0,26.0,17.0,-9.546370967741936,1970.8688012425816,-43023.26388060515,7112.596156152929,0,0,0,1,1.0
(주)신풍,2870,2014,-8,-79,-5,-8,70,50,195,174,6,-18,3,41,34,-26.11,-11.8,-17.21,-9.82,-10.68,-18.27,-1.15,-16.91,-11.630612907923044,-11.63,-25.93,2.25,-25.38,-0.05,7065,4,10,7,-264,-159,0.6234742791420848,6.77,2,1,1,1,1,1,64.0,48.0,-1.164855349762743,452.5348561139961,-1666.0396288862516,245.911800096769,0,0,0,1,1.0
