,회사명,거래소코드,회계년도,부실판단,[U01410000]영업활동으로 인한 현금흐름(*)(천원),이자보상배율(이자비용)
0,케이알모터스(주),40,2014,1.0,-32451142.0,-4.4
1,(주)천일고속,650,2022,1.0,-1529634.0,-14.38
2,이화산업(주),760,2019,1.0,1375965.0,-2.95
3,신라섬유(주),1000,2015,1.0,-792605.0,-9.55
4,금호전기(주),1210,2014,1.0,3647129.0,-1.18
5,삼성제약(주),1360,2014,1.0,-13583335.0,-13.34
6,(주)에스지글로벌,1380,2014,1.0,-12238476.0,5.07
7,태원물산(주),1420,2022,1.0,286054.0,-15.63
8,피에스텍(주),2230,2020,1.0,4798221.0,-2.34
9,세기상사(주),2420,2014,1.0,-588697.0,-1.9
10,(주)한탑,2680,2015,1.0,1516373.0,0.75
11,(주)신풍,2870,2014,1.0,-15408583.0,-56.28
12,(주)에이프로젠바이오로직스,3060,2014,1.0,-8144952.0,-3.99
13,성보화학(주),3080,2016,1.0,-8419506.0,20.41
14,일성신약(주),3120,2021,1.0,5704073.0,-142.29
15,(주)한국화장품제조,3350,2014,1.0,-233244.0,6.92
16,에이치엘비글로벌(주),3580,2014,1.0,1894388.0,0.94
17,(주)삼영,3720,2015,1.0,2730929.0,-9.02
18,서울식품공업(주),4410,2020,1.0,6161550.0,0.5
19,(주)한국가구,4590,2017,1.0,772983.0,-7.77
20,(주)씨아이테크,4920,2014,1.0,-2554854.0,-4.92
21,(주)한창,5110,2017,1.0,308234.0,-31.09
22,파미셀(주),5690,2014,1.0,-8772027.0,-9.23
23,(주)원림,5820,2020,1.0,5276800.0,0.45
24,(주)인스코비,6490,2014,1.0,-8177998.0,-51.44
25,신송홀딩스(주),6880,2015,1.0,-58713.0,-108079.75
26,보성파워텍(주),6910,2018,1.0,-11375463.0,0.36
27,(주)일신석재,7110,2016,1.0,-566876.0,-6.6
28,(주)미래아이앤지,7120,2014,1.0,-2641181.0,-8.32
29,진양제약(주),7370,2016,1.0,-13469.0,-29.59
30,(주)네이처셀,7390,2016,1.0,-2144437.0,-7.91
31,선도전기(주),7610,2021,1.0,-3997173.0,-17.07
32,원풍물산(주),8290,2014,1.0,-744138.0,1.14
33,일정실업(주),8500,2019,1.0,-9063127.0,-23.03
34,동양철관(주),8970,2018,1.0,234106.0,-3.11
35,참엔지니어링(주),9310,2014,1.0,-1064557.0,-1.32
36,(주)코센,9730,2018,1.0,-3176245.0,-0.25
37,(주)플레이그램,9810,2018,1.0,1891891.0,-4.49
38,대한광통신(주),10170,2015,1.0,9660193.0,-0.96
39,웰바이오텍(주),10600,2018,1.0,-1485971.0,0.1
40,진원생명과학(주),11000,2014,1.0,-3744686.0,-56.5
41,(주)형지아이앤씨,11080,2015,1.0,-4858464.0,1.92
42,삼화전자공업(주),11230,2014,1.0,439973.0,-0.47
43,(주)뉴인텍,12340,2014,1.0,-2562331.0,-2.15
44,(주)청호ICT,12600,2014,1.0,-1298653.0,-4.61
45,씨비아이(주),13720,2018,1.0,1626563.0,0.53
46,성문전자(주),14910,2014,1.0,529788.0,-3.37
47,(주)이스타코,15020,2016,1.0,2887305.0,-0.76
48,(주)리더스코스메틱,16100,2020,1.0,-4626014.0,-3.56
49,(주)디모아,16670,2020,1.0,-745636.0,-0.56
50,(주)브이티지엠피,18290,2014,1.0,765034.0,0.12
51,우진비앤지(주),18620,2017,1.0,-1539869.0,-3.14
52,(주)서울제약,18680,2017,1.0,-1137351.0,-3.14
53,베뉴지(주),19010,2014,1.0,54604666.0,0.38
54,(주)하이트론씨스템즈,19490,2014,1.0,-3106664.0,-282.44
55,글로본(주),19660,2019,1.0,35984332.0,-2.17
56,제이스코홀딩스(주),23440,2014,1.0,-3993255.0,0.11
57,(주)플레이위드,23770,2014,1.0,-513440.0,5.43
58,동일철강(주),23790,2014,1.0,-21955828.0,-3.11
59,에쓰씨엔지니어링(주),23960,2014,1.0,-6104455.0,-14.89
60,이화전기공업(주),24810,2014,1.0,-7119923.0,-5.14
61,에이치엘비이노베이션(주),24850,2015,1.0,-9007848.0,-80.73
62,미래산업(주),25560,2014,1.0,-6136088.0,-5.95
63,제이준코스메틱(주),25620,2014,1.0,-5325157.0,-5.93
64,신라에스지(주),25870,2022,1.0,-3538734.0,2.27
65,한국주강(주),25890,2019,1.0,307158.0,-13.08
66,(주)제이에스티나,26040,2019,1.0,-1144583.0,-81.21
67,서울전자통신(주),27040,2014,1.0,8389043.0,0.74
68,(주)코리아나화장품,27050,2020,1.0,-113609.0,-4.64
69,(주)상보,27580,2016,1.0,-6250250.0,-3.79
70,에이치엘비(주),28300,2014,1.0,-3770262.0,0.42
71,(주)광무,29480,2019,1.0,-2567529.0,-2.36
72,(주)드래곤플라이,30350,2019,1.0,-1488095.0,-70.73
73,비케이탑스(주),30790,2014,1.0,1184804.0,0.43
74,에스유홀딩스(주),31860,2014,1.0,-2365226.0,0.97
75,(주)피델릭스,32580,2019,1.0,-3701206.0,-0.41
76,(주)엠젠솔루션,32790,2014,1.0,-915366.0,-1.13
77,(주)판타지오,32800,2018,1.0,658601.0,
78,(주)우리기술,32820,2014,1.0,-4316555.0,-1.51
79,더라미(주),32860,2014,1.0,-3968093.0,-2.47
80,바이온(주),32980,2017,1.0,-657771.0,-1.64
81,(주)케이에이치필룩스,33180,2020,1.0,6737448.0,0.01
82,(주)엠투엔,33310,2019,1.0,2045384.0,0.13
83,(주)좋은사람들,33340,2017,1.0,3574257.0,-18.27
84,(주)스카이문스테크놀로지,33790,2017,1.0,-4593538.0,-7.22
85,조아제약(주),34940,2016,1.0,865193.0,0.48
86,(주)골드앤에스,35290,2014,1.0,-462082.0,-1.73
87,(주)기산텔레콤,35460,2017,1.0,2647045.0,-15.43
88,(주)바른손이앤에이,35620,2014,1.0,-5472891.0,-8.99
89,(주)클라우드에어,36170,2020,1.0,-1503658.0,-0.21
90,지더블유바이텍(주),36180,2021,1.0,1219297.0,-0.77
91,감성코퍼레이션(주),36620,2014,1.0,-1536284.0,0.29
92,(주)무궁화인포메이션테크놀로지,38340,2014,1.0,-4816285.0,-2.38
93,(주)케이바이오컴퍼니,38530,2014,1.0,-5423532.0,-6.82
94,(주)아이에이,38880,2014,1.0,1438088.0,0.92
95,(주)파인디지털,38950,2017,1.0,-704699.0,0.0
96,(주)오스코텍,39200,2014,1.0,-1276238.0,-1.99
97,(주)다산네트웍스,39560,2017,1.0,14241008.0,0.19
98,(주)디오,39840,2014,1.0,-892083.0,0.88
99,(주)큐로컴,40350,2018,1.0,1265476.0,-0.45
100,(주)에스지엔지,40610,2020,1.0,202558.0,0.78
101,(주)폴라리스오피스,41020,2017,1.0,-8746350.0,0.0
102,(주)플래스크,41590,2017,1.0,17156294.0,0.07
103,(주)코미팜,41960,2014,1.0,-2496362.0,0.05
104,(주)케이피엠테크,42040,2017,1.0,-4002421.0,-1.1
105,(주)상지카일룸,42940,2014,1.0,3514928.0,-10.95
106,(주)솔고바이오메디칼,43100,2014,1.0,2315824.0,0.66
107,(주)파루,43200,2018,1.0,-7095121.0,-239.96
108,(주)티에스넥스젠,43220,2014,1.0,-2589414.0,0.21
109,성호전자(주),43260,2014,1.0,2006995.0,-0.67
110,(주)디지아이,43360,2015,1.0,-784779.0,-52.55
111,웰킵스하이텍(주),43590,2015,1.0,3129996.0,-3.53
112,(주)서울리거,43710,2015,1.0,-5866875.0,-20.16
113,(주)자연과환경,43910,2016,1.0,-3792446.0,-9.73
114,KD(주),44180,2014,1.0,-18080165.0,-6.38
115,(주)주연테크,44380,2018,1.0,-6554642.0,-4.72
116,(주)블레이드엔터테인먼트,44480,2020,1.0,-4406320.0,-0.06
117,에이치엔에스하이텍(주),44990,2021,1.0,5115811.0,20.03
118,성우테크론(주),45300,2014,1.0,1063778.0,0.91
119,(주)오르비텍,46120,2019,1.0,-3613999.0,3.43
120,에이치엘비파나진(주),46210,2014,1.0,-2549843.0,-0.78
121,(주)백금티앤에이,46310,2014,1.0,1295164.0,0.67
122,(주)한빛소프트,47080,2017,1.0,-1127670.0,-2.1
123,(주)이스트소프트,47560,2014,1.0,-203868.0,-0.54
124,(주)코데즈컴바인,47770,2014,1.0,-3921328.0,-19.13
125,(주)초록뱀미디어,47820,2014,1.0,-4438664.0,-282.45
126,에이치엘비제약(주),47920,2017,1.0,-784295.0,-1.81
127,현대바이오사이언스(주),48410,2017,1.0,-3700828.0,1.09
128,(주)티피씨메카트로닉스,48770,2018,1.0,-189150.0,1.81
129,(주)시너지이노베이션,48870,2014,1.0,430220.0,-1.66
130,(주)기가레인,49080,2017,1.0,-3893464.0,1.84
131,(주)파인디앤씨,49120,2020,1.0,446324.0,-5.85
132,(주)셀루메드,49180,2015,1.0,-4313500.0,-2.06
133,에스지에이(주),49470,2014,1.0,2084643.0,0.01
134,유아이엘(주),49520,2021,1.0,1623287.0,-48.2
135,(주)잉크테크,49550,2015,1.0,1882313.0,-1.61
136,(주)미래컴퍼니,49950,2016,1.0,-2018072.0,29.3
137,(주)비케이홀딩스,50090,2014,1.0,4377827.0,0.68
138,(주)ES큐브,50120,2020,1.0,-312007.0,0.45
139,와이더블유(주),51390,2016,1.0,-4800010.0,7.73
140,진양화학(주),51630,2019,1.0,1273205.0,-625.3
141,(주)큐로홀딩스,51780,2014,1.0,328896.0,0.22
142,(주)중앙첨단소재,51980,2015,1.0,-5450814.0,-17.04
143,(주)에스티큐브,52020,2015,1.0,-3483222.0,-16.98
144,(주)씨티프라퍼티,52300,2014,1.0,-4213850.0,-4.63
145,오성첨단소재(주),52420,2014,1.0,-3503379.0,-2.33
146,(주)제일바이오,52670,2022,1.0,7728650.0,-401.38
147,(주)아이톡시,52770,2018,1.0,-4022859.0,-23.01
148,(주)아이앤씨테크놀로지,52860,2015,1.0,-4186817.0,-45.85
149,(주)한국테크놀로지,53590,2015,1.0,-15813596.0,-13.88
150,오상자이엘(주),53980,2020,1.0,4829559.0,-20.53
151,(주)삼진엘앤디,54090,2014,1.0,-253721.0,-2.85
152,(주)메디콕스,54180,2022,1.0,-8438490.0,-4.27
153,(주)팬스타엔터프라이즈,54300,2014,1.0,-326452.0,0.45
154,(주)에이피에스,54620,2019,1.0,-5076769.0,-47.75
155,(주)에이디칩스,54630,2014,1.0,-2532120.0,-14.77
156,(주)한컴위드,54920,2015,1.0,-2276352.0,-0.61
157,이노시스(주),56090,2017,1.0,-1666155.0,-43.35
158,씨앤티85(주),56730,2014,1.0,-1480351.0,-2.01
159,(주)티사이언티픽,57680,2014,1.0,-862895.0,2.45
160,(주)피에이치씨,57880,2014,1.0,-9225401.0,-51.66
161,(주)멕아이씨에스,58110,2017,1.0,-405703.0,-0.87
162,(주)아리온테크놀로지,58220,2018,1.0,-6249317.0,-1.6
163,(주)엔터파트너즈,58450,2019,1.0,5300583.0,-9.4
164,파나케이아(주),58530,2016,1.0,-7446965.0,0.12
165,(주)미코,59090,2014,1.0,-1564195.0,0.22
166,(주)아이컴포넌트,59100,2014,1.0,2300048.0,-0.64
167,소니드(주),60230,2016,1.0,1946674.0,0.1
168,(주)뉴보텍,60260,2022,1.0,109603.0,0.72
169,(주)케이에이치바텍,60720,2018,1.0,-12559115.0,0.41
170,대한그린파워(주),60900,2014,1.0,-6280431.0,-2.07
171,(주)티엘아이,62860,2022,1.0,-5818921.0,-684.0
172,(주)웨스트라이즈,64090,2016,1.0,-2357595.0,-8.13
173,(주)홈캐스트,64240,2019,1.0,-8214776.0,-11.3
174,(주)인텍플러스,64290,2015,1.0,2263828.0,0.96
175,(주)테크엘,64520,2018,1.0,-149887.0,-11.17
176,(주)바이오니아,64550,2014,1.0,-4373745.0,-3.47
177,(주)젬백스링크,64800,2017,1.0,-4266768.0,0.39
178,(주)케이프,64820,2014,1.0,1918105.0,-0.79
179,(주)지엔코,65060,2020,1.0,-2646968.0,-1.34
180,(주)디에스이엔,65150,2017,1.0,-11528011.0,-2.47
181,(주)비엘팜텍,65170,2014,1.0,-1338260.0,0.19
182,(주)에스아이리소스,65420,2014,1.0,277572.0,-3.52
183,(주)이루온,65440,2016,1.0,-1082621.0,-2.1
184,(주)오리엔트정공,65500,2020,1.0,-1005358.0,-8.53
185,(주)녹원씨엔아이,65560,2014,1.0,-7575407.0,-5.0
186,(주)메디프론디비티,65650,2017,1.0,-1170285.0,999999999.0
187,(주)안트로젠,65660,2020,1.0,-4414918.0,-11.77
188,(주)파커스,65690,2021,1.0,-3280833.0,-10.64
189,(주)버킷스튜디오,66410,2020,1.0,-7236484.0,0.48
190,(주)씨씨에스충북방송,66790,2014,1.0,-66689.0,-1.85
191,(주)제노텍,66830,2018,1.0,-427256.0,-0.33
192,(주)손오공,66910,2014,1.0,-3762522.0,-11.51
193,에이치엘비생명과학(주),67630,2014,1.0,5926009.0,0.55
194,(주)이글루코퍼레이션,67920,2015,1.0,5076910.0,-37517.58
195,(주)팬엔터테인먼트,68050,2015,1.0,-4412100.0,-6.21
196,(주)셀피글로벌,68940,2019,1.0,528752.0,0.99
197,(주)누리플랜,69140,2014,1.0,-1256185.0,-7.07
198,(주)유아이디,69330,2017,1.0,-1762702.0,-7.53
199,(주)라이트론,69540,2017,1.0,-5176896.0,0.94
200,(주)아이에스이커머스,69920,2017,1.0,-5224967.0,-7.34
201,엑스큐어(주),70300,2016,1.0,-3323545.0,-107.34
202,(주)캐스텍코리아,71850,2021,1.0,-113163.0,-5.71
203,(주)코아스,71950,2017,1.0,-1479697.0,0.19
204,(주)제넨바이오,72520,2015,1.0,-12146922.0,-14.12
205,(주)듀오백,73190,2015,1.0,-1729285.0,0.0
206,(주)에프알텍,73540,2017,1.0,-3318929.0,-14.1
207,(주)리튬포어스,73570,2014,1.0,17897844.0,-0.44
208,테라사이언스(주),73640,2014,1.0,1509274.0,-1.31
209,(주)아미노로직스,74430,2014,1.0,-2061864.0,-27.39
210,(주)이엔플러스,74610,2019,1.0,-17405438.0,-3.5
211,(주)플랜티넷,75130,2022,1.0,3713925.0,-161.75
212,해성옵틱스(주),76610,2019,1.0,-8653160.0,0.87
213,국일제지(주),78130,2016,1.0,-731624.0,0.07
214,메디포스트(주),78160,2014,1.0,-872382.0,-0.63
215,(주)휴림에이텍,78590,2020,1.0,-2819489.0,-2.55
216,(주)아이오케이컴퍼니,78860,2018,1.0,-1420559.0,-0.8
217,퀀타피아(주),78940,2014,1.0,-1756499.0,0.43
218,(주)디이엔티,79810,2020,1.0,-3951946.0,-9.7
219,(주)투비소프트,79970,2019,1.0,5100318.0,-3.35
220,(주)코디,80530,2016,1.0,-4892606.0,-5.46
221,(주)오킨스전자,80580,2017,1.0,3508714.0,0.37
222,한국유니온제약(주),80720,2020,1.0,-1743937.0,-15.38
223,성우전자(주),81580,2019,1.0,-2810227.0,-913.54
224,(주)젬백스&카엘,82270,2017,1.0,-2026317.0,0.26
225,(주)코스나인,82660,2016,1.0,2805599.0,-0.58
226,(주)비보존제약,82800,2016,1.0,5869537.0,0.79
227,(주)이엠앤아이,83470,2018,1.0,2884687.0,-13.77
228,(주)인콘,83640,2020,1.0,2961245.0,0.97
229,씨지인바이츠(주),83790,2014,1.0,-3772784.0,-1.49
230,(주)수성샐바시온,84180,2019,1.0,-2673105.0,-0.19
231,(주)헬릭스미스,84990,2018,1.0,-6040618.0,-16.96
232,(주)엔케이,85310,2017,1.0,4876111.0,-1.05
233,(주)차바이오텍,85660,2016,1.0,1175224.0,-0.75
234,(주)바이오톡스텍,86040,2015,1.0,-1300497.0,-7.83
235,(주)진바이오텍,86060,2021,1.0,-1647085.0,0.7
236,(주)큐러블,86460,2020,1.0,-319194.0,-2927.43
237,(주)바이오솔루션,86820,2021,1.0,83289.0,-1.44
238,(주)펩트론,87010,2017,1.0,-5625536.0,0.0
239,(주)픽셀플러스,87600,2019,1.0,-1573693.0,-155.29
240,이원컴포텍(주),88290,2014,1.0,-943937.0,-0.09
241,(주)넥스턴바이오사이언스,89140,2022,1.0,1225255.0,-0.06
242,더이앤엠(주),89230,2014,1.0,-944507.0,-6.63
243,(주)제이티,89790,2015,1.0,-6705709.0,-5.77
244,(주)코세스,89890,2015,1.0,372122.0,-0.18
245,(주)아이윈,90150,2015,1.0,704135.0,0.35
246,(주)메타랩스,90370,2014,1.0,-12684979.0,0.11
247,휴림로봇(주),90710,2014,1.0,-315529.0,-6.89
248,(주)텔레필드,91440,2018,1.0,-3858143.0,-12.29
249,나노캠텍(주),91970,2017,1.0,9354096.0,0.5
250,아미코젠(주),92040,2019,1.0,1160773.0,-0.97
251,(주)앤씨앤,92600,2014,1.0,-232714.0,-42.31
252,(주)이아이디,93230,2014,1.0,-4206344.0,-2.28
253,(주)엔지브이아이,93510,2022,1.0,-607681.0,-34.12
254,(주)케이알엠,93640,2022,1.0,-2129338.0,0.08
255,(주)동운아나텍,94170,2019,1.0,-7451057.0,-1.77
256,참좋은여행(주),94850,2022,1.0,-5271175.0,-1040.9
257,(주)네오리진,94860,2015,1.0,-2158231.0,-19.24
258,(주)푸른기술,94940,2021,1.0,-1358656.0,-2.61
259,제이엠티(주),94970,2017,1.0,-17860393.0,3.18
260,(주)웨이브일렉트로닉스,95270,2017,1.0,-2720117.0,11.81
261,(주)제넥신,95700,2014,1.0,6467147.0,-5.05
262,이트론(주),96040,2014,1.0,-1334576.0,0.26
263,(주)대창솔루션,96350,2014,1.0,-778657.0,-1.06
264,(주)알에프세미,96610,2020,1.0,-2583498.0,-11.47
265,(주)에이루트,96690,2018,1.0,1642823.0,-39.59
266,(주)윈팩,97800,2015,1.0,6887260.0,-3.23
267,에스디엔(주),99220,2014,1.0,694497.0,-0.04
268,(주)동방선기,99410,2014,1.0,1469411.0,0.75
269,(주)아이티엑스에이아이,99520,2016,1.0,1639944.0,-8.77
270,(주)인바이오젠,101140,2014,1.0,-695947.0,-4.82
271,(주)아이엠,101390,2020,1.0,-9890816.0,-3.93
272,엔시트론(주),101400,2015,1.0,-630224.0,-2.7
273,한국정밀기계(주),101680,2014,1.0,5162931.0,-18.03
274,(주)위메이드맥스,101730,2014,1.0,-2599217.0,0.0
275,(주)쌍방울,102280,2015,1.0,-6746940.0,0.7
276,(주)에스앤더블류,103230,2014,1.0,6915742.0,0.83
277,(주)씨앗,103660,2020,1.0,2452042.0,-2.6
278,(주)노랑풍선,104620,2021,1.0,-14110679.0,-10.25
279,(주)케이엔더블유,105330,2020,1.0,-2510044.0,-39.45
280,(주)트루윈,105550,2017,1.0,4097618.0,-1.56
281,(주)하이소닉,106080,2015,1.0,2988092.0,0.14
282,(주)파인테크닉스,106240,2018,1.0,-1600986.0,-7.29
283,(주)노블엠앤비,106520,2017,1.0,-8648845.0,-4.65
284,(주)한중엔시에스,107640,2016,1.0,1019340.0,0.4
285,(주)로보티즈,108490,2022,1.0,11906045.0,-1.78
286,(주)셀바스에이아이,108860,2020,1.0,-3732455.0,-4.97
287,컨버즈(주),109070,2014,1.0,-569040.0,-0.76
288,(주)진매트릭스,109820,2014,1.0,-1547527.0,-10.29
289,(주)에이프로젠헬스케어앤게임즈,109960,2017,1.0,1621060.0,-0.58
290,전진바이오팜(주),110020,2020,1.0,-2309949.0,-3.62
291,케이에이치전자(주),111870,2020,1.0,-4036392.0,-5.86
292,디젠스(주),113810,2015,1.0,2771362.0,0.69
293,크루셜텍(주),114120,2014,1.0,-20172272.0,-4.59
294,(주)강원에너지,114190,2018,1.0,-10047711.0,0.35
295,그린생명과학(주),114450,2022,1.0,11778785.0,-34.92
296,(주)큐리언트,115180,2018,1.0,-13804377.0,0.0
297,에이치엘비테라퓨틱스(주),115450,2014,1.0,520492.0,0.68
298,(주)씨유메디칼시스템,115480,2018,1.0,4110492.0,0.51
299,(주)씨엔플러스,115530,2015,1.0,-1764856.0,-4.72
300,(주)스타플렉스,115570,2020,1.0,-670155.0,-2.33
301,(주)이미지스테크놀로지,115610,2019,1.0,-582513.0,-1492.49
302,(주)알파홀딩스,117670,2018,1.0,-2084574.0,0.75
303,(주)에스메디,118000,2014,1.0,-4384576.0,-11.26
304,(주)비덴트,121800,2017,1.0,-7388126.0,-4.83
305,(주)코이즈,121850,2016,1.0,7876503.0,0.64
306,(주)에스디시스템,121890,2018,1.0,784340.0,-16.49
307,(주)예스티,122640,2020,1.0,11988371.0,0.42
308,(주)아이윈플러스,123010,2018,1.0,-856015.0,-10.03
309,(주)제닉,123330,2019,1.0,5561776.0,-4.67
310,(주)에스제이엠,123700,2014,1.0,2546230.0,-100.95
311,(주)알톤스포츠,123750,2017,1.0,-1395014.0,-18.24
312,(주)한일진공,123840,2021,1.0,-4775133.0,-7.59
313,(주)아나패스,123860,2020,1.0,-211923.0,-12.6
314,(주)디엔에이링크,127120,2014,1.0,-143136.0,-6.19
315,(주)매직마이크로,127160,2018,1.0,-8046732.0,0.09
316,에코캡(주),128540,2021,1.0,-10870844.0,-17.22
317,(주)티엔엔터테인먼트,131100,2015,1.0,928783.0,-2.56
318,(주)이브이첨단소재,131400,2016,1.0,-4911840.0,-3.16
319,(주)파인텍,131760,2017,1.0,-2448513.0,1.34
320,(주)탑코미디어,134580,2018,1.0,-6336357.0,999999999.0
321,(주)스마트솔루션즈,136510,2020,1.0,-4066700.0,-28.4
322,(주)큐엠씨,136660,2016,1.0,665536.0,-13.9
323,(주)넥스트아이,137940,2020,1.0,-5800851.0,-6.59
324,(주)협진,138360,2020,1.0,-1616679.0,-33.36
325,(주)나이벡,138610,2014,1.0,-903853.0,-5.51
326,(주)시티랩스,139050,2017,1.0,-467089.0,-32.47
327,(주)메지온,140410,2017,1.0,-4034903.0,-1.18
328,(주)엔솔바이오사이언스,140610,2020,1.0,-5074347.0,-55.03
329,(주)디에스앤엘,141020,2015,1.0,447940.0,-13.27
330,(주)레고켐바이오사이언스,141080,2015,1.0,-8780260.0,-9.17
331,(주)비엘,142760,2018,1.0,-6198316.0,-2.14
332,(주)다이나믹디자인,145210,2018,1.0,6455313.0,-2.88
333,비디아이(주),148140,2021,1.0,-33439707.0,-3.34
334,비플라이소프트(주),148780,2020,1.0,-458649.0,-12.86
335,아퓨어스(주),149300,2020,1.0,-4641587.0,-3.95
336,(주)피노텍,150440,2016,1.0,-2588033.0,-35.22
337,(주)인트로메딕,150840,2017,1.0,1412682.0,-0.9
338,에스비더블유생명과학(주),151910,2016,1.0,-6451095.0,-18.82
339,(주)네이블커뮤니케이션즈,153460,2019,1.0,-1958720.0,-454.29
340,(주)옵티팜,153710,2020,1.0,-1616524.0,-31.88
341,(주)엘앤케이바이오메드,156100,2018,1.0,-11012199.0,-4.77
342,(주)스킨앤스킨,159910,2015,1.0,-9624506.0,-3.32
343,(주)이큐셀,160600,2019,1.0,-17344242.0,-18.41
344,(주)디피코,163430,2020,1.0,-6166442.0,-9.79
345,코아스템켐온(주),166480,2019,1.0,-5900641.0,-154.35
346,(주)내츄럴엔도텍,168330,2017,1.0,-7436599.0,-1.94
347,램테크놀러지(주),171010,2016,1.0,3368983.0,-1.9
348,(주)장원테크,174880,2018,1.0,-2712249.0,164072.96
349,앱클론(주),174900,2021,1.0,-8642823.0,-57.23
350,(주)인포마크,175140,2019,1.0,-4795682.0,-7.04
351,아이큐어(주),175250,2020,1.0,-16085516.0,-7.02
352,(주)듀켐바이오,176750,2016,1.0,1152778.0,-2.89
353,(주)일월지엠엘,178780,2018,1.0,659968.0,-3.05
354,(주)애드바이오텍,179530,2021,1.0,-2111559.0,-11.38
355,디엑스앤브이엑스(주),180400,2017,1.0,-2126339.0,-17.41
356,(주)이즈미디어,181340,2021,1.0,-16362636.0,-6.67
357,(주)엔케이맥스,182400,2017,1.0,-13306104.0,0.0
358,마이크로로봇(주),182690,2019,1.0,-1653429.0,-7.34
359,(주)엔지켐생명과학,183490,2020,1.0,-14027241.0,-13.42
360,아이진(주),185490,2017,1.0,-6759458.0,-220.35
361,(주)제노포커스,187420,2021,1.0,-494725.0,0.1
362,(주)나노,187790,2017,1.0,-460060.0,1.5
363,(주)코셋,189350,2020,1.0,-1959932.0,-8.77
364,(주)육일씨엔에쓰,191410,2020,1.0,-3337486.0,-8.98
365,(주)윈하이텍,192390,2018,1.0,-17659405.0,5.42
366,(주)와이제이엠게임즈,193250,2018,1.0,1345675.0,0.2
367,(주)에이비프로바이오,195990,2017,1.0,-18411816.0,-4.67
368,(주)알테오젠,196170,2018,1.0,-8189048.0,0.0
369,애니젠(주),196300,2020,1.0,-48277.0,-0.73
370,(주)디에이테크놀로지,196490,2020,1.0,-11689260.0,-4.97
371,(주)디지캡,197140,2022,1.0,1846739.0,-0.23
372,(주)리드,197210,2019,1.0,-5276418.0,-1.06
373,(주)바이오프로테크,199290,2021,1.0,-4574030.0,0.25
374,(주)텔콘알에프제약,200230,2018,1.0,-5872463.0,-1.18
375,(주)비씨월드제약,200780,2021,1.0,-1216382.0,0.48
376,(주)미투온,201490,2019,1.0,1213907.0,0.7
377,(주)판도라티비,202960,2020,1.0,796919.0,-2.22
378,(주)스피어파워,203690,2019,1.0,-268957.0,-20.75
379,(주)스튜디오산타클로스엔터테인먼트,204630,2017,1.0,-6220342.0,-0.97
380,지엘팜텍(주),204840,2018,1.0,-1163443.0,-4.03
381,(주)코썬바이오,204990,2018,1.0,-6285413.0,-389.21
382,(주)액션스퀘어,205500,2018,1.0,-13360365.0,0.0
383,(주)베노티앤알,206400,2017,1.0,-10094002.0,-1537.93
384,(주)덱스터스튜디오,206560,2021,1.0,2999471.0,-35.82
385,(주)유바이오로직스,206650,2022,1.0,7982519.0,-3.6
386,(주)볼빅,206950,2020,1.0,5389292.0,-0.9
387,(주)파멥신,208340,2020,1.0,-17117890.0,-3.13
388,(주)셀바스헬스케어,208370,2018,1.0,-6772662.0,-11.86
389,(주)썸에이지,208640,2018,1.0,-17004374.0,-121.96
390,(주)바이오로그디바이스,208710,2018,1.0,-5170455.0,1.18
391,(주)엔지스테크널러지,208860,2019,1.0,-3392724.0,-1.11
392,(주)미래엔에듀파트너,208890,2022,1.0,1555949.0,-3.83
393,(주)휴벡셀,212310,2018,1.0,-1603205.0,-0.96
394,(주)라파스,214260,2021,1.0,1418361.0,-0.6
395,(주)에스엘에너지,214310,2018,1.0,4761628.0,-1.39
396,(주)미코바이오메드,214610,2022,1.0,-11852561.0,-9.89
397,뉴지랩파마(주),214870,2018,1.0,40492258.0,-3.08
398,(주)휴센텍,215090,2020,1.0,1236060.0,0.2
399,(주)우정바이오,215380,2022,1.0,2502321.0,-0.9
400,크로넥스(주),215570,2017,1.0,-111662.0,-4.73
401,신라젠(주),215600,2018,1.0,-41103685.0,-55.86
402,(주)이노인스트루먼트,215790,2020,1.0,3227590.0,-1.68
403,(주)제테마,216080,2022,1.0,14176282.0,0.42
404,제너셈(주),217190,2018,1.0,-3651012.0,-4.26
405,(주)싸이토젠,217330,2020,1.0,-4466024.0,-29.67
406,(주)강스템바이오텍,217730,2017,1.0,-10267751.0,-7.93
407,(주)원익피앤이,217820,2017,1.0,-2443401.0,10.63
408,(주)틸론,217880,2017,1.0,1207357.0,0.29
409,(주)파마리서치바이오,217950,2017,1.0,-4457906.0,-32.31
410,알에프에이치아이씨(주),218410,2022,1.0,-1838578.0,-0.62
411,(주)디와이디,219550,2021,1.0,-4869825.0,-7.11
412,(주)지티지웰니스,219750,2020,1.0,-8871883.0,-5.53
413,(주)퓨쳐켐,220100,2018,1.0,-2922922.0,-2.91
414,(주)핸디소프트,220180,2019,1.0,4621648.0,-4.24
415,(주)유투바이오,221800,2019,1.0,-767351.0,-1.11
416,하이즈항공(주),221840,2022,1.0,-9985268.0,-3.09
417,(주)팬젠,222110,2018,1.0,-5610441.0,-5.89
418,(주)쎄노텍,222420,2020,1.0,4145082.0,-2.11
419,(주)플럼라인생명과학,222670,2017,1.0,-1737423.0,0.0
420,(주)세토피아,222810,2018,1.0,-3711341.0,-3.02
421,(주)로지스몬,223220,2017,1.0,-3552612.0,-17.63
422,커머스마이너 (주),223310,2017,1.0,-6762131.0,-4.67
423,(주)에스케이씨에스,224020,2019,1.0,524370.0,0.38
424,(주)더코디,224060,2018,1.0,-2861650.0,-13.64
425,(주)엄지하우스,224810,2022,1.0,-32522990.0,-8.38
426,(주)신테카바이오,226330,2021,1.0,-6040461.0,-35.16
427,케이에이치건설(주),226360,2022,1.0,12706215.0,0.51
428,(주)오스테오닉,226400,2020,1.0,2751676.0,0.12
429,(주)한송네오텍,226440,2021,1.0,7986068.0,0.33
430,올릭스(주),226950,2020,1.0,-2482750.0,-63.21
431,(주)에이치앤비디자인,227100,2021,1.0,-993282.0,-10.03
432,도부마스크 (주),227420,2018,1.0,-681067.0,0.98
433,(주)아우딘퓨쳐스,227610,2021,1.0,2725917.0,-8.17
434,(주)지노믹트리,228760,2021,1.0,-5252689.0,-3.46
435,(주)젠큐릭스,229000,2022,1.0,-8986617.0,-19.2
436,(주)노브메타파마,229500,2017,1.0,-5170714.0,-15480.85
437,비유테크놀러지,230980,2019,1.0,-2364516.0,-0.85
438,(주)라온테크,232680,2017,1.0,-2824798.0,1.74
439,(주)질경이,233990,2019,1.0,712215.0,-0.67
440,(주)에이원알폼,234070,2021,1.0,14760642.0,-9.94
441,(주)메드팩토,235980,2021,1.0,-25078831.0,-3.78
442,(주)씨알푸드,236030,2021,1.0,-860836.0,-4.22
443,(주)메디젠휴먼케어,236340,2018,1.0,-1532065.0,-10.82
444,(주)얼라인드제네틱스,238120,2018,1.0,-1241798.0,0.0
445,(주)로보쓰리에이아이앤로보틱스,238500,2018,1.0,-624457.0,-147.19
446,피씨엘(주),241820,2019,1.0,-5120499.0,-64.69
447,(주)굿센,243870,2019,1.0,-820825.0,-3.27
448,올리패스(주),244460,2021,1.0,-18230727.0,-35.21
449,이원다이애그노믹스(주),245620,2020,1.0,-8884455.0,-4.22
450,(주)티앤알바이오팹,246710,2020,1.0,-8375666.0,-153.96
451,(주)아스타,246720,2019,1.0,-1330397.0,-124.95
452,(주)이노테라피,246960,2021,1.0,-3439546.0,-7.03
453,(주)모비스,250060,2019,1.0,-1193627.0,-23.59
454,(주)안지오랩,251280,2018,1.0,-975874.0,0.02
455,(주)루트락,253610,2022,1.0,-3007049.0,-3.44
456,(주)자비스,254120,2021,1.0,-3158544.0,-7.92
457,(주)케이피에스,256940,2021,1.0,-5672096.0,-4.68
458,(주)피엔티 엠에스,257370,2020,1.0,-11363718.0,-13.73
459,(주)테크트랜스,258050,2020,1.0,-1130658.0,-48.88
460,(주)에스엘테라퓨틱스,258540,2018,1.0,-2512562.0,-27.08
461,(주)케일럼,258610,2021,1.0,1695202.0,-1.09
462,(주)엠플러스,259630,2019,1.0,-15646889.0,1.55
463,(주)유틸렉스,263050,2020,1.0,-17682706.0,-14.85
464,(주)어스앤에어로스페이스,263540,2019,1.0,-502013.0,-22.81
465,뿌리깊은나무들(주),266170,2019,1.0,-1327175.0,-2.35
466,(주)바이오인프라생명과학,266470,2022,1.0,-2224009.0,-6.1
467,(주)배럴,267790,2022,1.0,-1360402.0,-1.26
468,(주)셀리버리,268600,2020,1.0,-16096636.0,-23.02
469,(주)시스웍,269620,2021,1.0,-9523466.0,-3.47
470,(주)에스알바이오텍,270210,2019,1.0,-496081.0,-7.92
471,켄코아에어로스페이스(주),274090,2022,1.0,-6991432.0,1.12
472,(주)엘리비젼,276240,2020,1.0,-597197.0,-22.92
473,(주)이노벡스,279060,2021,1.0,-1527639.0,-9.32
474,미디어젠(주),279600,2021,1.0,1245512.0,-0.35
475,(주)카이노스메드,284620,2022,1.0,-5552578.0,-6.05
476,(주)씨엔티드림,286000,2022,1.0,-722387.0,-8.65
477,(주)나노브릭,286750,2021,1.0,-2886912.0,-4.84
478,브릿지바이오테라퓨틱스(주),288330,2021,1.0,-17813110.0,-3024.8
479,(주)나라소프트,288490,2020,1.0,-1297725.0,5.15
480,(주)신도기연,290520,2022,1.0,-1249139.0,-19.74
481,(주)네오펙트,290660,2020,1.0,-6156423.0,-5.32
482,(주)압타머사이언스,291650,2022,1.0,-5776048.0,-27.82
483,압타바이오(주),293780,2021,1.0,-8897244.0,-6204.69
484,이오플로우(주),294090,2022,1.0,-19521189.0,-12.12
485,(주)서남,294630,2022,1.0,-3330633.0,-5.33
486,에스씨엠생명과학(주),298060,2022,1.0,-11171921.0,-52.68
487,에이비엘바이오(주),298380,2020,1.0,-47294849.0,-818.77
488,(주)지앤이헬스케어,299480,2020,1.0,-41040.0,8.68
489,(주)셀리드,299660,2021,1.0,-8206257.0,-24.26
490,(주)베스파,299910,2021,1.0,-36058001.0,-175.37
491,(주)플리토,300080,2021,1.0,-6143841.0,-30.1
492,(주)바이브컴퍼니,301300,2022,1.0,-10993299.0,-5.49
493,(주)피플바이오,304840,2022,1.0,-11109309.0,-3.26
494,(주)마이크로디지탈,305090,2021,1.0,-6962339.0,-14.02
495,(주)네온테크,306620,2022,1.0,-1382644.0,-3.91
496,(주)아이엘사이언스,307180,2021,1.0,-5968594.0,0.33
497,(주)테크엔,308700,2021,1.0,455012.0,-2.94
498,(주)엘에이티,311060,2022,1.0,-391397.0,11.57
499,(주)윌링스,313760,2022,1.0,-7573938.0,-21.23
500,(주)지놈앤컴퍼니,314130,2022,1.0,-36367343.0,-555.52
501,(주)라닉스,317120,2021,1.0,-3747804.0,-1.53
502,(주)캐리소프트,317530,2021,1.0,-951843.0,-45.47
503,(주)퀀타매트릭스,317690,2022,1.0,-14288782.0,-144.99
504,(주)엔바이오니아,317870,2022,1.0,858302.0,-1.53
505,(주)포인트모바일,318020,2022,1.0,-3814485.0,-12.74
506,(주)티움바이오,321550,2021,1.0,-15071478.0,-40.95
507,(주)티라유텍,322180,2022,1.0,1213058.0,-13.02
508,베른(주),322190,2022,1.0,-608137.0,-31.64
509,(주)제이엘케이,322510,2021,1.0,-5635947.0,-17.42
510,(주)무진메디,322970,2022,1.0,-2021906.0,-21.94
511,엠에프엠코리아(주),323230,2022,1.0,5421066.0,-0.43
512,(주)박셀바이오,323990,2022,1.0,-6044626.0,-492.39
513,(주)펨토바이오메드,327610,2021,1.0,-3130683.0,-38.27
514,(주)셀레믹스,331920,2022,1.0,-4149534.0,-106.46
515,프리시젼바이오(주),335810,2022,1.0,-1537637.0,-5.22
516,(주)타스컴,336040,2021,1.0,-2062628.0,-23.39
517,(주)유엑스엔,337840,2021,1.0,-2182904.0,-7.29
518,에이치엘비사이언스(주),343090,2022,1.0,-2745954.0,-4.43
519,(주)알체라,347860,2022,1.0,-11972587.0,-4.21
520,(주)고바이오랩,348150,2022,1.0,-357294.0,-4.93
521,(주)클리노믹스,352770,2022,1.0,-7372509.0,-4.05
522,(주)엔젠바이오,354200,2022,1.0,-7534054.0,-12.49
523,글로벌에스엠테크리미티드,900070,2014,1.0,-33449746.0,
524,애머릿지코퍼레이션,900100,2017,1.0,-8571872.0,-3.37
525,엘브이엠씨홀딩스(주),900140,2015,1.0,-18629500.0,
526,로스웰인터내셔널유한회사,900260,2017,1.0,-33449746.0,
527,코오롱티슈진(주),950160,2019,1.0,-43856498.0,-37.79
528,(주)소마젠,950200,2022,1.0,-288735.0,-6.09
529,(주)중앙에너비스,440,2022,0.0,2296497.0,1.38
530,(주)신화다이나믹스,1770,2022,0.0,14167789.0,31.81
531,(주)삼일기업공사,2290,2022,0.0,11079876.0,999999999.0
532,(주)보락,2760,2022,0.0,2548454.0,48.63
533,신신제약(주),2800,2022,0.0,5080590.0,3.91
534,대주산업(주),3310,2022,0.0,6433934.0,11.02
535,진양산업(주),3780,2022,0.0,6311733.0,18.87
536,(주)남성,4270,2022,0.0,-16869170.0,1.79
537,조광피혁(주),4700,2022,0.0,15666521.0,6.88
538,써니전자(주),4770,2022,0.0,3662650.0,185.36
539,(주)덕성,4830,2022,0.0,9587428.0,7.2
540,(주)푸드웰,5670,2022,0.0,532573.0,11.65
541,(주)국영지앤엠,6050,2022,0.0,-4154856.0,8.72
542,(주)모헨즈,6920,2022,0.0,2196514.0,281.91
543,(주)원풍,8370,2022,0.0,12588171.0,6497.02
544,(주)부-스타,8470,2022,0.0,-554728.0,-118.07
545,경인전자(주),9140,2022,0.0,4928988.0,-23.69
546,삼아제약(주),9300,2022,0.0,19648777.0,288.15
547,대우전자부품(주),9320,2022,0.0,5272133.0,-3.86
548,삼정펄프(주),9770,2022,0.0,2215876.0,129.69
549,(주)흥국,10240,2022,0.0,14363997.0,82.61
550,(주)유니켐,11330,2022,0.0,16176807.0,0.81
551,한신기계공업(주),11700,2022,0.0,-2698479.0,-35.81
552,신일제약(주),12790,2022,0.0,13687605.0,2256.02
553,(주)세우글로벌,13000,2022,0.0,2873056.0,999999999.0
554,(주)스페코,13810,2022,0.0,4775876.0,0.17
555,메디앙스(주),14100,2022,0.0,2553149.0,-0.65
556,고려제약(주),14570,2022,0.0,5912568.0,6833.1
557,삼륭물산(주),14970,2022,0.0,-2033017.0,1.86
558,(주)광명전기,17040,2022,0.0,-611291.0,19.56
559,세명전기공업(주),17510,2022,0.0,-3029216.0,999999999.0
560,(주)대림제지,17650,2022,0.0,31409069.0,132.96
561,(주)에너토크,19990,2022,0.0,-913220.0,6.3
562,(주)시공테크,20710,2022,0.0,-956744.0,-63.98
563,(주)MH에탄올,23150,2022,0.0,-847932.0,0.48
564,(주)피엔풍년,24940,2022,0.0,-447952.0,177.43
565,(주)에스제이엠홀딩스,25530,2022,0.0,3143965.0,8.77
566,(주)케이씨피드,25880,2022,0.0,1016444.0,6.3
567,동신건설(주),25950,2022,0.0,6646690.0,187.59
568,광진실업(주),26910,2022,0.0,1187408.0,1.2
569,부국철강(주),26940,2022,0.0,4331674.0,49767.28
570,(주)코엔텍,29960,2022,0.0,49405657.0,117.94
571,피에스케이홀딩스(주),31980,2022,0.0,16719522.0,122.41
572,(주)아즈텍더블유비이,32080,2022,0.0,4031707.0,1.39
573,(주)한국파마,32300,2022,0.0,8279251.0,1.6
574,티제이미디어(주),32540,2022,0.0,-2599179.0,5.18
575,(주)소프트센,32680,2022,0.0,-584411.0,7.7
576,(주)비트컴퓨터,32850,2022,0.0,5890596.0,50.46
577,(주)동일기연,32960,2022,0.0,4048702.0,284.01
578,제이엠아이(주),33050,2022,0.0,4692506.0,6.38
579,제룡전기(주),33100,2022,0.0,-17020269.0,2479.4
580,(주)디지틀조선일보,33130,2022,0.0,5954869.0,19.21
581,(주)블루콤,33560,2022,0.0,3068526.0,11.71
582,(주)티비씨,33830,2022,0.0,-2085868.0,482.26
583,(주)프럼파스트,35200,2022,0.0,99946.0,234.27
584,(주)솔본,35610,2022,0.0,500593.0,0.0
585,(주)위지트,36090,2022,0.0,-1815956.0,4.74
586,(주)대성미생물연구소,36480,2022,0.0,1155408.0,-0.64
587,(주)에이치알에스,36640,2022,0.0,15183901.0,136.23
588,(주)파세코,37070,2022,0.0,2649490.0,27.59
589,(주)이지,37370,2022,0.0,-967840.0,-9.75
590,(주)쎄니트,37760,2022,0.0,8676149.0,2.72
591,(주)서린바이오사이언스,38070,2022,0.0,-4067017.0,3.85
592,위즈코프(주),38620,2022,0.0,1639108.0,6446.68
593,에코바이오홀딩스(주),38870,2022,0.0,7842147.0,-0.43
594,(주)케이엘넷,39420,2022,0.0,7591530.0,166.78
595,화성밸브(주),39610,2022,0.0,-4707012.0,7.35
596,(주)리노스,39980,2022,0.0,10639743.0,-2.81
597,한국전자인증(주),41460,2022,0.0,6974190.0,117.7
598,(주)인바디,41830,2022,0.0,24522913.0,13857.69
599,(주)에스텍파마,41910,2022,0.0,-1649779.0,106.67
600,(주)메디아나,41920,2022,0.0,10055404.0,665.63
601,라온시큐어(주),42510,2022,0.0,7789712.0,2.66
602,(주)국순당,43650,2022,0.0,3553202.0,999999999.0
603,조광아이엘아이(주),44060,2022,0.0,5728886.0,2.64
604,(주)에이치케이,44780,2022,0.0,-701041.0,13.21
605,(주)이글벳,44960,2022,0.0,-317895.0,15.27
606,(주)토탈소프트뱅크,45340,2022,0.0,3076255.0,83.08
607,대아티아이(주),45390,2022,0.0,-7278667.0,13.69
608,(주)크린앤사이언스,45520,2022,0.0,689509.0,-8.09
609,(주)에이텍,45660,2022,0.0,4229408.0,24.54
610,(주)삼화네트웍스,46390,2022,0.0,2251076.0,7.07
611,(주)우리로,46970,2022,0.0,3050472.0,3.63
612,(주)인트론바이오테크놀로지,48530,2022,0.0,6121717.0,-0.38
613,(주)엔피케이,48830,2022,0.0,6519760.0,11.89
614,(주)코메론,49430,2022,0.0,19118233.0,142.46
615,(주)쎌바이오텍,49960,2022,0.0,14176357.0,699.75
616,(주)수산아이앤티,50960,2022,0.0,5852700.0,5892.41
617,(주)한네트,52600,2022,0.0,4560317.0,7.88
618,(주)케이엑스하이텍,52900,2022,0.0,10404870.0,3.62
619,(주)프리엠스,53160,2022,0.0,-1239451.0,28.23
620,(주)구영테크,53270,2022,0.0,8019177.0,1.53
621,웹케시(주),53580,2022,0.0,8585400.0,253.85
622,경남제약(주),53950,2022,0.0,1868866.0,-1.19
623,한국컴퓨터(주),54040,2022,0.0,-7505916.0,4285.17
624,(주)케이피티유,54410,2022,0.0,25068.0,0.73
625,삼영엠텍(주),54540,2022,0.0,1548369.0,-7.52
626,코위버(주),56360,2022,0.0,-13900488.0,1.48
627,(주)엠게임,58630,2022,0.0,37180070.0,5424.38
628,(주)CMG제약,58820,2022,0.0,4937550.0,195.16
629,(주)아진엑스텍,59120,2022,0.0,-1903702.0,68.51
630,(주)메타바이오메드,59210,2022,0.0,8568989.0,4.04
631,(주)룽투코리아,60240,2022,0.0,-20949920.0,-627.48
632,국일신동(주),60480,2022,0.0,5188277.0,37.57
633,(주)영림원소프트랩,60850,2022,0.0,7239106.0,45.14
634,(주)피피아이,62970,2022,0.0,1522638.0,1.78
635,(주)서울옥션,63170,2022,0.0,-28261084.0,3.96
636,(주)이엘피,63760,2022,0.0,4753995.0,-9.54
637,(주)브리지텍,64480,2022,0.0,4888483.0,42.32
638,(주)에프앤가이드,64850,2022,0.0,6956232.0,4.37
639,(주)위세아이텍,65370,2022,0.0,-1336332.0,1.28
640,(주)빅텍,65450,2022,0.0,15785481.0,2.92
641,(주)휴비츠,65510,2022,0.0,11628330.0,24.94
642,(주)와이어블,65530,2022,0.0,14778947.0,5.98
643,삼영이엔씨(주),65570,2022,0.0,-7215738.0,-15.32
644,서호전기(주),65710,2022,0.0,15248443.0,4443.96
645,(주)씨에스,65770,2022,0.0,-5669695.0,-7.85
646,(주)큐에스아이,66310,2022,0.0,3889093.0,156.04
647,(주)와이오엠,66430,2022,0.0,693251.0,0.5
648,(주)디스플레이테크,66670,2022,0.0,2750067.0,86.85
649,(주)로지시스,67730,2022,0.0,-280707.0,2.75
650,(주)세진티에스,67770,2022,0.0,1768258.0,131.82
651,(주)일신바이오베이스,68330,2022,0.0,2646482.0,61188.81
652,(주)엔텔스,69410,2022,0.0,1419607.0,-13.89
653,한솔인티큐브(주),70590,2022,0.0,1189473.0,2.02
654,(주)인피니트헬스케어,71200,2022,0.0,6247958.0,1949.5
655,(주)중앙백신연구소,72020,2022,0.0,7130606.0,18.14
656,유엔젤(주),72130,2022,0.0,-1452828.0,7.62
657,(주)율호,72770,2022,0.0,-6853818.0,1.01
658,빛샘전자(주),72950,2022,0.0,3583844.0,49.25
659,(주)에이치시티,72990,2022,0.0,17041967.0,11.09
660,(주)이노와이어리스,73490,2022,0.0,23000375.0,1255.01
661,덕산하이메탈(주),77360,2022,0.0,1445999.0,48.96
662,텔코웨어(주),78000,2022,0.0,7330327.0,45.09
663,(주)유비쿼스홀딩스,78070,2022,0.0,3348323.0,5575.37
664,대봉엘에스(주),78140,2022,0.0,1621652.0,5.5
665,대주전자재료(주),78600,2022,0.0,18342478.0,1.79
666,와토스코리아(주),79000,2022,0.0,3117387.0,6.57
667,한창산업(주),79170,2022,0.0,6623131.0,48.79
668,(주)케스피온,79190,2022,0.0,-2129466.0,-3.76
669,(주)서산,79650,2022,0.0,-943903.0,62.05
670,(주)이상네트웍스,80010,2022,0.0,4177759.0,13.38
671,(주)성창오토텍,80470,2022,0.0,6407326.0,16.94
672,(주)오디텍,80520,2022,0.0,6494212.0,-11.16
673,(주)티플랙스,81150,2022,0.0,-1653858.0,17.99
674,(주)비츠로셀,82920,2022,0.0,26563460.0,35.57
675,에프엔에스테크(주),83500,2022,0.0,17347699.0,10.09
676,(주)케이엠,83550,2022,0.0,16212571.0,6.72
677,(주)랩지노믹스,84650,2022,0.0,67745254.0,129.21
678,(주)네오티스,85910,2022,0.0,2606272.0,2.7
679,(주)비엘헬스케어,86220,2022,0.0,869966.0,1.68
680,(주)비엠티,86670,2022,0.0,-1616112.0,10.61
681,모바일어플라이언스(주),87260,2022,0.0,-431153.0,-0.39
682,(주)진도,88790,2022,0.0,8714019.0,8.22
683,(주)케이씨티,89150,2022,0.0,2481495.0,1.87
684,에이피티씨(주),89970,2022,0.0,-6271523.0,198.83
685,상신이디피(주),91580,2022,0.0,12465232.0,11.77
686,(주)디엔에프,92070,2022,0.0,1092946.0,97.63
687,한라아이엠에스(주),92460,2022,0.0,7435154.0,5.12
688,럭스피아(주),92590,2022,0.0,-511398.0,999999999.0
689,(주)엑시콘,92870,2022,0.0,-2544973.0,1366.91
690,(주)빅솔론,93190,2022,0.0,12968096.0,530.32
691,(주)케이아이엔엑스,93320,2022,0.0,30501872.0,88.24
692,(주)매커스,93520,2022,0.0,23828264.0,637.11
693,(주)칩스앤미디어,94360,2022,0.0,15184340.0,62.87
694,(주)슈프리마에이치큐,94840,2022,0.0,3836633.0,4305.54
695,이엠코리아(주),95190,2022,0.0,-2246993.0,2.24
696,(주)아이에스시,95340,2022,0.0,60475771.0,404.89
697,(주)에스코넥,96630,2022,0.0,5557830.0,1.18
698,(주)엘디티,96870,2022,0.0,3318727.0,1528.24
699,(주)마이크로컨텍솔루션,98120,2022,0.0,10038839.0,562.99
700,(주)에스티오,98660,2022,0.0,4401552.0,3.02
701,(주)쎄트렉아이,99320,2022,0.0,26935112.0,-4.34
702,(주)인지소프트,100030,2022,0.0,6049885.0,6.49
703,서암기계공업(주),100660,2022,0.0,2938859.0,999999999.0
704,(주)세운메디칼,100700,2022,0.0,8512541.0,403.78
705,(주)월덱스,101160,2022,0.0,18667995.0,67.33
706,우림피티에스(주),101170,2022,0.0,1864141.0,999999999.0
707,씨큐브(주),101240,2022,0.0,9894034.0,11.48
708,(주)에코앤드림,101360,2022,0.0,630842.0,0.82
709,(주)에스앤에스텍,101490,2022,0.0,24954883.0,341.73
710,(주)하이드로리튬,101670,2022,0.0,-8984462.0,-2.96
711,(주)우양,103840,2022,0.0,2753439.0,0.03
712,(주)대성파인텍,104040,2022,0.0,-584645.0,-3.48
713,(주)코렌텍,104540,2022,0.0,8584053.0,1.28
714,디케이락(주),105740,2022,0.0,2174969.0,5.71
715,옵티시스(주),109080,2022,0.0,4609508.0,176.26
716,(주)디에스케이,109740,2022,0.0,7964150.0,-43.33
717,동일금속(주),109860,2022,0.0,12259832.0,999999999.0
718,(주)케이씨산업,112190,2022,0.0,-3593277.0,0.46
719,(주)폴라리스우노,114630,2022,0.0,12716439.0,5.84
720,(주)인포바인,115310,2022,0.0,8722439.0,331.47
721,(주)우리넷,115440,2022,0.0,-8229961.0,-3.71
722,(주)케이씨에스,115500,2022,0.0,3295762.0,8.48
723,태양기계(주),116100,2022,0.0,3452487.0,1.72
724,(주)티로보틱스,117730,2022,0.0,3227678.0,0.18
725,(주)포메탈,119500,2022,0.0,2749914.0,8.84
726,(주)인터로조,119610,2022,0.0,16377440.0,27.67
727,아이텍(주),119830,2022,0.0,13784967.0,1.69
728,(주)지엔씨에너지,119850,2022,0.0,-33913606.0,7.4
729,조선선재(주),120030,2022,0.0,6076167.0,733.11
730,대정화금(주),120240,2022,0.0,12776933.0,57.03
731,(주)나노신소재,121600,2022,0.0,20369361.0,49.86
732,(주)제노레이,122310,2022,0.0,14904961.0,80.86
733,(주)원포유,122830,2022,0.0,1123691.0,-0.07
734,(주)이엠넷,123570,2022,0.0,5530258.0,15841.89
735,(주)아모그린텍,125210,2022,0.0,12856034.0,4.56
736,비나텍(주),126340,2022,0.0,7101655.0,2.18
737,(주)아시아경제,127710,2022,0.0,-8552539.0,9.26
738,(주)앱코,129890,2022,0.0,-14555580.0,-17.99
739,(주)티피씨,130740,2022,0.0,361414.0,1.69
740,(주)시큐브,131090,2022,0.0,7647518.0,2739.86
741,(주)딜리,131180,2022,0.0,1291814.0,13.63
742,(주)대한과학,131220,2022,0.0,2503978.0,137.72
743,알서포트(주),131370,2022,0.0,8040088.0,83.88
744,(주)화인베스틸,133820,2022,0.0,6346282.0,0.16
745,(주)이퓨쳐,134060,2022,0.0,2350741.0,171.76
746,(주)윈스,136540,2022,0.0,21117390.0,281.63
747,(주)신진에스엠,138070,2022,0.0,5772960.0,12.47
748,(주)오이솔루션,138080,2022,0.0,-6748937.0,-10.61
749,(주)비즈니스온커뮤니케이션,138580,2022,0.0,12374925.0,10.33
750,키네마스터(주),139670,2022,0.0,-13958099.0,-1179.17
751,위월드(주),140660,2022,0.0,2006089.0,14.24
752,알에스오토메이션(주),140670,2022,0.0,1908807.0,3.1
753,(주)파크시스템스,140860,2022,0.0,27922971.0,192.44
754,(주)비아트론,141000,2022,0.0,4564884.0,999999999.0
755,(주)영우디에스피,143540,2022,0.0,-1521507.0,-25.46
756,(주)뉴파워프라즈마,144960,2022,0.0,13258077.0,11.67
757,(주)피엠티,147760,2022,0.0,-2354661.0,-35.98
758,제룡산업(주),147830,2022,0.0,8369545.0,3414.8
759,(주)세경하이테크,148150,2022,0.0,-581995.0,1.0
760,(주)알엔투테크놀로지,148250,2022,0.0,5711524.0,0.4
761,아이케이세미콘(주),149010,2022,0.0,2502037.0,98.05
762,(주)아바텍,149950,2022,0.0,-1981780.0,0.0
763,(주)하이로닉,149980,2022,0.0,4466299.0,38.74
764,(주)파수,150900,2022,0.0,9270695.0,56.13
765,(주)아톤,158430,2022,0.0,10316880.0,4.85
766,(주)더 미동,161570,2022,0.0,1167920.0,1.7
767,(주)루켄테크놀러지스,162120,2022,0.0,-2339968.0,-1.88
768,(주)이루다,164060,2022,0.0,837410.0,11.08
769,(주)파이오링크,170790,2022,0.0,8794030.0,263.41
770,엘티씨(주),170920,2022,0.0,9007652.0,0.41
771,(주)오파스넷,173130,2022,0.0,-35269548.0,9.74
772,(주)베셀,177350,2022,0.0,-5043245.0,-4.16
773,(주)파버나인,177830,2022,0.0,-1672705.0,0.83
774,(주)엠아이텍,179290,2022,0.0,8591191.0,144.23
775,(주)유티아이,179900,2022,0.0,-2646342.0,-44.67
776,(주)코미코,183300,2022,0.0,47984554.0,25.66
777,에스지에이솔루션즈(주),184230,2022,0.0,3182516.0,1.08
778,(주)그린플러스,186230,2022,0.0,12030876.0,8.66
779,(주)디티앤씨,187220,2022,0.0,9661138.0,0.27
780,(주)신화콘텍,187270,2022,0.0,8808961.0,2.94
781,(주)디바이스이엔지,187870,2022,0.0,-423819.0,13.23
782,(주)인텔리안테크놀로지스,189300,2022,0.0,-35549352.0,10.51
783,(주)서전기전,189860,2022,0.0,-3823907.0,-12.25
784,(주)흥국에프엔비,189980,2022,0.0,6399742.0,6.19
785,테고사이언스(주),191420,2022,0.0,1072892.0,150.17
786,(주)블루탑,191600,2022,0.0,1254059.0,1.15
787,(주)케이사인,192250,2022,0.0,6424451.0,8.57
788,휴림네트웍스(주),192410,2022,0.0,-11675367.0,-18.51
789,데브시스터즈(주),194480,2022,0.0,-7761222.0,-7.79
790,(주)노바렉스,194700,2022,0.0,19862285.0,20.4
791,(주)마니커에프앤지,195500,2022,0.0,-13534701.0,-2.32
792,(주)웹스,196700,2022,0.0,5047304.0,1.19
793,(주)고려시멘트,198440,2022,0.0,-13164810.0,-139.01
794,(주)데이터스트림즈,199150,2022,0.0,833562.0,-33.82
795,제일전기공업(주),199820,2022,0.0,-6286922.0,14.59
796,(주)에이팩트,200470,2022,0.0,6933091.0,3.38
797,(주)메디쎄이,200580,2022,0.0,1197211.0,14.16
798,(주)에이디테크놀로지,200710,2022,0.0,32513642.0,4.09
799,(주)유니온커뮤니티,203450,2022,0.0,-2091213.0,8.57
800,(주)드림시큐리티,203650,2022,0.0,4789741.0,1.02
801,(주)엑셈,205100,2022,0.0,6046207.0,1183.78
802,휴마시스(주),205470,2022,0.0,206704452.0,2540.87
803,바디텍메드(주),206640,2022,0.0,20980033.0,193.51
804,에이펙스인텍(주),207490,2022,0.0,4098478.0,0.24
805,미스터블루(주),207760,2022,0.0,2419739.0,1.52
806,(주)지란지교시큐리티,208350,2022,0.0,1215370.0,11.56
807,에이피위성(주),211270,2022,0.0,7638560.0,858.34
808,덕산네오룩스(주),213420,2022,0.0,48986093.0,57.86
809,(주)클래시스,214150,2022,0.0,54745695.0,26.37
810,(주)헥토이노베이션,214180,2022,0.0,25598400.0,768.4
811,(주)케어젠,214370,2022,0.0,-27554453.0,999999999.0
812,아이쓰리시스템(주),214430,2022,0.0,-727034.0,205.81
813,(주)파마리서치,214450,2022,0.0,54628448.0,19.1
814,(주)디알텍,214680,2022,0.0,6025742.0,3.92
815,(주)로보로보,215100,2022,0.0,1064802.0,42.96
816,(주)토박스코리아,215480,2022,0.0,3392602.0,1712.28
817,인바이츠바이오코아(주),216400,2022,0.0,3032926.0,1.14
818,(주)썬테크,217320,2022,0.0,-277446.0,0.28
819,(주)러셀,217500,2022,0.0,-6483021.0,4.47
820,(주)에스제이켐,217910,2022,0.0,-445672.0,-0.68
821,(주)미래생명자원,218150,2022,0.0,1207947.0,3.43
822,(주)타이거일렉,219130,2022,0.0,7128240.0,10.61
823,(주)링크제니시스,219420,2022,0.0,2747276.0,70.31
824,(주)켐트로스,220260,2022,0.0,4814570.0,4.01
825,케이디켐(주),221980,2022,0.0,3086412.0,14.91
826,씨아이에스(주),222080,2022,0.0,55989484.0,3.5
827,한국맥널티(주),222980,2022,0.0,-461249.0,0.15
828,(주)에이텍모빌리티,224110,2022,0.0,2192493.0,48.3
829,(주)삼양옵틱스,225190,2022,0.0,12336099.0,84.85
830,(주)제놀루션,225220,2022,0.0,13550961.0,47.29
831,케이엠제약(주),225430,2022,0.0,-93321.0,-3.24
832,(주)보광산업,225530,2022,0.0,19277503.0,14.94
833,패션플랫폼(주),225590,2022,0.0,6083396.0,12.48
834,(주)본느,226340,2022,0.0,-5017971.0,0.63
835,(주)엔투텍,227950,2018,,-2279144.0,-3.14
836,(주)레이,228670,2022,0.0,-7523688.0,7.69
837,(주)에코마케팅,230360,2022,0.0,15890269.0,692.9
838,(주)메디안디노스틱,233250,2022,0.0,-1774777.0,22.89
839,(주)폴라리스세원,234100,2022,0.0,-5710680.0,1.6
840,(주)헥토파이낸셜,234340,2022,0.0,237604.0,1096.0
841,자이글(주),234920,2022,0.0,-828997.0,-7.81
842,(주)슈프리마,236200,2022,0.0,19141857.0,2391.97
843,피앤씨테크(주),237750,2022,0.0,2133991.0,39.51
844,(주)앤디포스,238090,2022,0.0,2860321.0,-5.96
845,(주)엔에스엠,238170,2022,0.0,348219.0,0.43
846,(주)비피도,238200,2022,0.0,1555693.0,78.31
847,(주)힘스,238490,2022,0.0,-9225209.0,-106.19
848,줌인터넷(주),239340,2022,0.0,195752.0,-18.16
849,(주)에이치엘사이언스,239610,2022,0.0,4552781.0,-1279.81
850,(주)유니테크노,241690,2022,0.0,7506681.0,13.52
851,(주)메카로,241770,2022,0.0,8147715.0,291.89
852,오션브릿지(주),241790,2022,0.0,44633462.0,90.03
853,(주)에이스토리,241840,2022,0.0,27399184.0,2.27
854,나무기술(주),242040,2022,0.0,29826781.0,1.04
855,신흥에스이씨(주),243840,2022,0.0,3991371.0,2.24
856,(주)나눔테크,244880,2022,0.0,2252183.0,228.81
857,(주)씨앤에스링크,245450,2022,0.0,331139.0,-0.57
858,(주)에스엘에스바이오,246250,2022,0.0,4034070.0,17.82
859,(주)보라티알,250000,2022,0.0,1807395.0,25.26
860,(주)진코스텍,250030,2022,0.0,-3178273.0,-4.16
861,(주)예선테크,250930,2022,0.0,3411906.0,-5.4
862,와이엠티(주),251370,2022,0.0,9656244.0,-2.84
863,(주)브이원텍,251630,2022,0.0,384851.0,999999999.0
864,(주)세화피앤씨,252500,2022,0.0,1987516.0,999999999.0
865,(주)네오셈,253590,2022,0.0,-6625268.0,3.24
866,(주)수젠텍,253840,2022,0.0,30923297.0,11.9
867,(주)야스,255440,2022,0.0,-5084131.0,-81.11
868,(주)한독크린텍,256150,2022,0.0,3060702.0,999999999.0
869,(주)포인트엔지니어링,256630,2022,0.0,9695576.0,0.45
870,(주)한국비엔씨,256840,2022,0.0,-7305642.0,-5.87
871,(주)나우코스,257990,2022,0.0,1281114.0,-2.61
872,(주)셀젠텍,258250,2022,0.0,-1840885.0,0.73
873,소프트캠프(주),258790,2022,0.0,1243693.0,2.56
874,(주)세종메디칼,258830,2022,0.0,-428778.0,-0.38
875,알리코제약(주),260660,2022,0.0,4836171.0,10.19
876,에스케이시그넷(주),260870,2022,0.0,-62435093.0,42.75
877,(주)씨티케이,260930,2022,0.0,3397316.0,-349.39
878,(주)덴티스,261200,2022,0.0,6380464.0,3.55
879,(주)에이프로,262260,2022,0.0,12973120.0,86.14
880,(주)디케이앤디,263020,2022,0.0,871852.0,1.04
881,덕우전자(주),263600,2022,0.0,18098807.0,21.33
882,(주)디알젬,263690,2022,0.0,7516472.0,69.67
883,(주)케어랩스,263700,2022,0.0,-2139099.0,-0.14
884,(주)디앤씨미디어,263720,2022,0.0,144701.0,5.62
885,지니언스(주),263860,2022,0.0,9842017.0,1240.31
886,씨앤지하이테크(주),264660,2022,0.0,26639169.0,25.08
887,(주)이랜시스,264850,2022,0.0,3715970.0,12.67
888,영화테크(주),265560,2022,0.0,4533234.0,5.83
889,(주)엔에프씨,265740,2022,0.0,3386694.0,8.84
890,(주)파워풀엑스,266870,2022,0.0,-792732.0,-14.7
891,(주)나인테크,267320,2022,0.0,3931212.0,1.23
892,지오릿에너지(주),270520,2022,0.0,1151887.0,-58.32
893,(주)뉴트리,270870,2022,0.0,8589465.0,4.38
894,(주)케이엔제이,272110,2022,0.0,10263264.0,9.21
895,(주)에스에스알,275630,2022,0.0,3961967.0,173.32
896,(주)인산가,277410,2022,0.0,-313083.0,8.83
897,(주)티에스아이,277880,2022,0.0,9490648.0,1.02
898,(주)천보,278280,2022,0.0,26113204.0,1.85
899,에이치엘비바이오스텝(주),278650,2022,0.0,6744862.0,1.34
900,(주)이엠비,278990,2022,0.0,1621550.0,3.33
901,(주)레이크머티리얼즈,281740,2022,0.0,16134172.0,15.29
902,(주)코윈테크,282880,2022,0.0,-15707809.0,0.51
903,(주)노바텍,285490,2022,0.0,29767099.0,149.35
904,(주)제이시스메디칼,287410,2022,,25092362.0,99.89
905,에스퓨얼셀(주),288620,2022,0.0,-6405240.0,0.93
906,(주)휴네시온,290270,2022,0.0,4669032.0,86.85
907,(주)대유,290380,2022,0.0,361227.0,5.24
908,(주)엘앤씨바이오,290650,2022,0.0,-10876823.0,2.86
909,대보마그네틱(주),290670,2022,0.0,14229184.0,299.81
910,(주)소룩스,290690,2022,0.0,15676408.0,-13.06
911,(주)푸드나무,290720,2022,0.0,5569192.0,4.73
912,(주)액트로,290740,2022,0.0,5404954.0,-392.52
913,(주)엔피,291230,2022,,903101.0,1.35
914,(주)알로이스,297570,2022,0.0,845546.0,6.4
915,에이치비솔루션(주),297890,2022,0.0,56441739.0,10.97
916,(주)하나기술,299030,2022,0.0,8147441.0,999999999.0
917,(주)더블유에스아이,299170,2022,0.0,4654561.0,23.83
918,(주)에스엠비나,299670,2022,0.0,-1799535.0,-98.25
919,(주)위지윅스튜디오,299900,2022,0.0,-4402059.0,1.26
920,라온피플(주),300120,2022,0.0,3069392.0,2.48
921,(주)이노메트리,302430,2022,0.0,3388870.0,178.12
922,(주)리메드,302550,2022,0.0,5750238.0,2.37
923,(주)더콘텐츠온,302920,2022,0.0,3416710.0,2.27
924,(주)지니틱스,303030,2022,0.0,-7781107.0,-54.2
925,(주)솔트룩스,304100,2022,0.0,-3446179.0,-0.97
926,(주)에스제이그룹,306040,2022,0.0,17995855.0,19.39
927,(주)원바이오젠,307280,2022,0.0,5246004.0,4.1
928,(주)국전약품,307750,2022,0.0,-5775430.0,2.01
929,(주)비투엔,307870,2022,,-212412.0,-2.24
930,(주)오하임앤컴퍼니,309930,2022,0.0,3560764.0,4.43
931,(주)애니플러스,310200,2022,0.0,14813018.0,2.66
932,디와이씨(주),310870,2022,,5579006.0,8.18
933,(주)네오크레마,311390,2022,0.0,-95181.0,12.04
934,에이에프더블류(주),312610,2022,0.0,621971.0,-16916.4
935,(주)티에스트릴리온,317240,2022,0.0,-3119805.0,-2.45
936,(주)덕산테코피아,317330,2022,0.0,15919474.0,13.57
937,(주)엑스페릭스,317770,2022,0.0,2658978.0,290.22
938,(주)에스피시스템스,317830,2022,0.0,1661842.0,1.01
939,대모엔지니어링(주),317850,2022,0.0,-1401287.0,7.55
940,(주)노드메이슨,317860,2022,0.0,-834284.0,-6.26
941,(주)케이비지,318000,2022,0.0,1669551.0,13.38
942,(주)팜스빌,318010,2022,0.0,5169401.0,26.51
943,비비씨(주),318410,2022,0.0,6785885.0,948.37
944,피에스케이(주),319660,2022,0.0,35566099.0,482.99
945,(주)프로이천,321260,2022,,5632863.0,84.11
946,(주)코퍼스코리아,322780,2022,0.0,10090832.0,1.88
947,(주)태성,323280,2022,,-2412400.0,6.1
948,(주)다원넥스뷰,323350,2022,0.0,-276653.0,5.47
949,알에프머트리얼즈(주),327260,2022,0.0,1509185.0,2.52
950,솔트웨어(주),328380,2022,,-997425.0,-11.94
951,(주)네패스아크,330860,2022,0.0,89051766.0,5.68
952,(주)포커스에이치엔에스,331380,2022,,2118466.0,10.51
953,(주)밸로프,331520,2022,,1740355.0,78.13
954,(주)한국미라클피플사,331660,2022,0.0,1886296.0,0.42
955,(주)누보,332290,2022,,-13898425.0,-2.24
956,아이디피(주),332370,2022,0.0,1662487.0,470.18
957,(주)와이팜,332570,2022,0.0,14825431.0,1.71
958,(주)모코엠시스,333050,2022,,168724.0,21.91
959,(주)윙스풋,335870,2022,,1542019.0,5.4
960,(주)비올,335890,2022,0.0,11831150.0,798.22
961,(주)웨이버스,336060,2022,,4324340.0,34.6
962,원텍(주),336570,2022,,14947456.0,70.67
963,(주)브랜드엑스코퍼레이션,337930,2022,0.0,7883507.0,85.97
964,(주)다보링크,340360,2022,,-1655692.0,-5.78
965,(주)세림비앤지,340440,2022,,4248869.0,10.45
966,(주)티앤엘,340570,2022,0.0,15827568.0,719.66
967,(주)이앤에치,341310,2022,0.0,-829786.0,-22.4
968,(주)센코,347000,2022,0.0,3034379.0,2.49
969,피엔케이피부임상연구센타(주),347740,2022,0.0,7507134.0,218.83
970,(주)핌스,347770,2022,0.0,5862957.0,9.16
971,(주)엠투아이코퍼레이션,347890,2022,0.0,8429699.0,1624.56
972,(주)넥스틴,348210,2022,0.0,50855029.0,842.82
973,(주)위드텍,348350,2022,0.0,22618110.0,53.88
974,(주)에스에이티이엔지,351320,2022,,1516916.0,11.18
975,인바이오(주),352940,2022,0.0,-8498880.0,-2.27
976,(주)휴럼,353190,2022,,-2447151.0,-2.82
977,(주)코스텍시스,355150,2022,,,
978,(주)석경에이티,357550,2022,0.0,5425354.0,276.15
979,(주)씨엔알리서치,359090,2022,,2759799.0,12.86
980,(주)하이딥,365590,2022,,-3774503.0,-4.36
981,(주)블리츠웨이,369370,2022,,-6838103.0,-9.22
982,이스트아시아홀딩스인베스트먼트리미티드,900110,2022,0.0,-82033.0,
983,차이나크리스탈신소재홀딩스,900250,2022,0.0,66295446.0,
984,헝셩그룹유한회사,900270,2022,0.0,16130100.0,
985,케이만금세기차륜집단유한공사,900280,2022,0.0,15372318.0,
986,오가닉티코스메틱스홀딩스컴퍼니리미티드,900300,2022,0.0,67866689.0,
987,윙입푸드홀딩스,900340,2022,0.0,14041730.0,
