회사명,거래소코드,회계년도,감사의견코드,[U01410000]영업활동으로 인한 현금흐름(*)(천원),[U01D100000000]영업활동으로 인한 현금흐름(간접법)(*)(IFRS)(천원),[U01D100000000]영업활동으로 인한 현금흐름(간접법)(*)(IFRS연결)(천원),이자보상배율(이자비용),이자보상배율(순금융비용)
(주)광진,091208,2018/12,NA,863500,,,-13.32,-14.16
(주)광진,091208,2019/12,QS,404335,,,3.74,4.14
(주)광진,091208,2020/12,UQ,2766961,,,7.6,10.58
(주)광진,091208,2021/12,UQ,-1695269,,,-0.85,3.25
(주)광진,091208,2022/12,UQ,-200667,,,0.44,2.04
(주)글라세움,085843,2017/12,NA,-1697194,,,-10163.37,999999999
(주)글라세움,085843,2018/12,UQ,-2689791,,,-2463.57,999999999
(주)글라세움,085843,2019/12,UQ,-4715610,,,-10988.16,999999999
(주)글라세움,085843,2020/12,UQ,-4428786,-4428786,,-918.74,999999999
(주)글라세움,085843,2021/12,UQ,-5509748,-5509748,,-495.09,999999999
(주)글라세움,085843,2022/12,UQ,-5607924,-5607924,,-568.12,999999999
(주)글로벌의학연구센터,103147,2022/12,UQ,4914546,4914546,,2.8,-4.86
(주)내츄럴엔도텍,063634,2012/12,UQ,3031250,3031250,,1132.21,999999999
(주)넥셀,080535,2016/12,NA,-793080,,,-159.68,-175.95
(주)넥셀,080535,2017/12,UQ,-598306,,,-95.27,-69.88
(주)넥셀,080535,2018/12,UQ,-1682353,,,-777.76,-1649.15
(주)넥셀,080535,2019/12,UQ,-3897275,,,-1078.28,999999999
(주)넥셀,080535,2020/12,UQ,-5652332,,,-10881.14,999999999
(주)넥셀,080535,2021/12,UQ,-8455579,-8455579,-8500558,-7.18,-5.1
(주)넥셀,080535,2022/12,UQ,-7112218,-7112218,-8450385,-4.31,-6.06
(주)넥스트젠바이오사이언스,098415,2021/12,UQ,-7230974,-7230974,,-4.57,-12.79
(주)넥스트젠바이오사이언스,098415,2022/12,UQ,-11160519,-11160519,,-5.57,-1.85
(주)노브메타파마,069023,2013/12,NA,164741,,,999999999,999999999
(주)노브메타파마,069023,2014/12,UQ,-179360,,,999999999,999999999
(주)뉴라이프비에스티,101324,2021/12,UQ,0,,,-2.3,999999999
(주)뉴라이프비에스티,101324,2022/12,UQ,2402801,,,8.19,999999999
(주)뉴라클사이언스,087120,2017/12,NA,-3269727,,,-33.43,999999999
(주)뉴라클사이언스,087120,2018/12,UQ,-3566897,,,-136.57,999999999
(주)뉴라클사이언스,087120,2019/12,UQ,-4771933,,,999999999,999999999
(주)뉴라클사이언스,087120,2020/12,UQ,-9209366,-9209366,,-6.93,-9.81
(주)뉴라클사이언스,087120,2021/12,UQ,-10879641,-10879641,,-7,-13.53
(주)뉴라클사이언스,087120,2022/12,UQ,-12790031,-12790031,,-6.76,-12.61
(주)드림씨아이에스,063299,2012/12,UQ,2803557,,,999999999,999999999
(주)드림씨아이에스,063299,2013/12,UQ,129309,,,448.88,999999999
(주)드림씨아이에스,063299,2014/12,UQ,-3470757,-3470757,,1657.62,999999999
(주)드림씨아이에스,063299,2015/12,UQ,-1051657,-1051657,,999999999,999999999
(주)드림씨아이에스,063299,2016/12,UQ,-2910331,-2910331,,-183.71,999999999
(주)드림씨아이에스,063299,2017/12,UQ,1651125,1651125,,-39.74,-46.92
(주)드림씨아이에스,063299,2018/12,UQ,4851843,4851843,,191.06,999999999
(주)드림씨아이에스,063299,2019/12,UQ,4282766,4282766,,98.01,999999999
(주)디앤디파마텍,090160,2019/12,UQ,-4092119,-4092119,-22023255,-0.41,2.26
(주)디앤디파마텍,090160,2020/12,UQ,-6304739,-6304739,-48579646,-2.13,-1.35
(주)디앤디파마텍,090160,2021/12,UQ,-12342103,-12342103,-51945255,-33.33,-49.11
(주)디앤디파마텍,090160,2022/12,UQ,0,0,-53083231,999999999,999999999
(주)디티앤씨알오,094818,2019/12,NA,-180660,,,-39.68,-41.35
(주)디티앤씨알오,094818,2020/12,UQ,-276402,,,4.07,11.75
(주)디티앤씨알오,094818,2021/12,UQ,6055996,6055996,,41.1,41.95
(주)라이트팜텍,076100,2015/12,NA,2117256,,,175.56,999999999
(주)라이트팜텍,076100,2016/12,UQ,808270,,,120.16,999999999
(주)라이트팜텍,076100,2017/12,UQ,-817096,,,3.17,6.97
(주)라이트팜텍,076100,2018/12,UQ,-288242,,,-28.95,-365.75
(주)라이트팜텍,076100,2019/12,UQ,-1160949,,,1.93,9.03
(주)라이트팜텍,076100,2020/12,UQ,1103132,,,-3.2,999999999
(주)라이트팜텍,076100,2021/12,UQ,2194795,,,-10.8,-2.67
(주)라이트팜텍,076100,2022/12,UQ,361060,,,-0.93,-0.18
(주)라이프코드,040971,2012/12,DU,-301933,,,-0.95,-11.42
(주)랩지노믹스,045259,2012/12,UQ,877271,,,8.97,9.69
(주)레고켐바이오사이언스,058143,2012/12,UQ,-2309833,-2309833,,-1050.96,999999999
(주)마리아바이오텍,045231,2014/12,QS,-2163569,,,-5.48,-9.29
(주)메드팩토,086963,2018/12,UQ,-8123614,-8123614,,-23.52,-120.52
(주)메디젠휴먼케어,070091,2013/12,NA,-1292508,,,-31.83,-32.07
(주)메디젠휴먼케어,070091,2014/12,UQ,-903671,,,-34.06,-41.71
(주)메디헬프라인,074524,2014/12,NA,300646,,,0.38,15.93
(주)메디헬프라인,074524,2015/12,UQ,-124142,,,-1.09,999999999
(주)메디헬프라인,074524,2016/12,UQ,-546356,,,-19.59,999999999
(주)메디헬프라인,074524,2017/12,UQ,112560,,,38.07,999999999
(주)모아데이타,089247,2018/12,NA,25014,,,31.28,31.25
(주)모아데이타,089247,2019/12,UQ,794688,,,17.82,17.85
(주)모아데이타,089247,2020/12,UQ,654157,654157,,4.99,4.88
(주)무진메디,085893,2017/12,NA,-650452,,,-179.19,999999999
(주)무진메디,085893,2018/12,UQ,-1239977,,,-58.91,-105.26
(주)무진메디,085893,2019/12,UQ,-1399362,,,-76.44,-100.62
(주)미래셀바이오,093809,2020/12,UQ,-2243441,-2243441,,-14.78,-15.59
(주)미래셀바이오,093809,2021/12,UQ,-2990135,-2990135,,-7.82,-7.36
(주)바이오리더스,059494,2012/12,UQ,-1870359,-1870359,,-6.24,-11.48
(주)바이오리더스,059494,2013/12,UQ,-1418745,-1418745,,-7.09,-7.54
(주)바이오메디앙,052398,2014/12,DU,-278612,,,-0.79,1.33
(주)바이오시네틱스,075802,2015/12,NA,-80209,,,-104.81,999999999
(주)바이오시네틱스,075802,2016/12,UQ,-550232,,,-175.11,999999999
(주)바이오썬텍,076858,2016/12,UQ,1286164,1286164,,84.73,999999999
(주)바이오썬텍,076858,2017/12,UQ,333585,333585,,265.11,999999999
(주)바이오썬텍,076858,2018/12,UQ,1514055,1514055,,10.03,332.54
(주)바이오썬텍,076858,2019/12,UQ,463142,463142,,-6.5,-42.26
(주)바이오씨앤디,069018,2014/03,NA,-251988,,,-5.45,-5.35
(주)바이오엑스,097601,2020/12,NA,-1078752,,,-6.17,13.06
(주)바이오엑스,097601,2021/12,UQ,-1724174,,,-9.66,999999999
(주)바이오엑스,097601,2022/12,UQ,-1254337,,,-13.04,-49.22
(주)바이오인프라생명과학,072415,2014/12,NA,-1044681,,,-8.13,-10.12
(주)바이오인프라생명과학,072415,2015/12,UQ,-4327490,,,-71.86,999999999
(주)바이오인프라생명과학,072415,2016/12,UQ,-3348286,,,-68.69,999999999
(주)바이오인프라생명과학,072415,2017/12,UQ,-3548057,-3548057,-3554597,-51.61,999999999
(주)바이오인프라생명과학,072415,2018/12,UQ,-3628238,-3628238,-3658132,-131.97,999999999
(주)바이오인프라생명과학,072415,2019/12,UQ,-2916202,-2916202,-2935404,-16.36,-49.51
(주)바이오팜솔루션즈,086595,2018/12,UQ,-5348348,-5348348,,-4.34,-4.35
(주)바이오팜솔루션즈,086595,2019/12,UQ,-7624023,-7624023,,-8.52,-8.57
(주)바이오팜솔루션즈,086595,2020/12,UQ,-8083127,-8083127,,-6.71,-6.73
(주)바이오팜솔루션즈,086595,2021/12,UQ,-656643,-656643,,-1.5,-1.47
(주)바이오팜솔루션즈,086595,2022/12,UQ,-9011244,-9011244,,-1.98,-2.54
(주)바이오피드,062700,2013/06,UQ,-20887,,,-8.04,-60.33
(주)박셀바이오,088599,2019/12,UQ,-3589379,-3589379,,-5.59,-1.22
(주)비엘사이언스,069365,2013/12,NA,79528,,,999999999,999999999
(주)비엘사이언스,069365,2014/12,UQ,-630317,,,999999999,999999999
(주)비엘사이언스,069365,2020/12,UQ,-1805430,-1805430,,-0.88,0.92
(주)비엘사이언스,069365,2021/12,UQ,-1816845,-1816845,,-2.68,1.27
(주)비엘사이언스,069365,2022/12,UQ,362838,362838,,-3.44,-2.73
(주)샤페론,088955,2018/12,NA,-1796574,,,999999999,999999999
(주)샤페론,088955,2019/12,UQ,-3993388,,,999999999,999999999
(주)샤페론,088955,2020/12,UQ,-5832963,-5832963,,-660.33,999999999
(주)샤페론,088955,2021/12,UQ,-6832781,-6832781,,-1667.14,999999999
(주)셀리버리,078198,2015/12,NA,-3545681,,,-290.45,999999999
(주)셀리버리,078198,2016/12,UQ,-3151233,,,-1944.61,999999999
(주)셀리버리,078198,2017/12,UQ,-525961,,,-5051.25,999999999
(주)스탠다임,095164,2020/12,UQ,-6484143,-6484143,,-4.27,-20.26
(주)스탠다임,095164,2021/12,UQ,-13916524,-13916524,-13996030,-3.56,-11.26
(주)스탠다임,095164,2022/12,UQ,-19067154,-19067154,-20664381,-3.58,2.51
(주)스템랩,073291,2014/12,NA,180089,,,-5.48,-6.65
(주)스템랩,073291,2015/12,UQ,-2031983,,,-26.53,-28.87
(주)씨앤드씨신약연구소,069004,2013/12,NA,1228165,,,6.24,999999999
(주)씨앤드씨신약연구소,069004,2014/12,UQ,4693296,,,308.94,999999999
(주)씨앤비텍,076606,2016/12,UQ,69443,69443,,999999999,999999999
(주)씨앤비텍,076606,2017/12,UQ,-570507,-570507,,-255.93,999999999
(주)씨트리,020994,2012/12,UQ,1602143,1602143,,4.26,3.68
(주)씨트리,020994,2013/12,UQ,-526300,-526300,,1.3,-1.13
(주)씨트리,020994,2014/12,UQ,1542479,1542479,,0.93,1.31
(주)아리바이오,069342,2013/12,NA,617119,,,11.58,11.49
(주)아리바이오,069342,2014/12,QS,547298,,,6.98,7.01
(주)아리바이오,069342,2015/12,UQ,-1288731,,,2.82,2.76
(주)아리바이오,069342,2016/12,UQ,-5468693,,,-10.06,-12.09
(주)아리바이오,069342,2017/12,UQ,-4513756,-4513756,,-6.86,-9.67
(주)아리바이오,069342,2018/12,UQ,-7571509,-7571509,,-13.16,-18.33
(주)아리바이오,069342,2019/12,UQ,-8556364,-8556364,,-64.81,-135.05
(주)아리바이오,069342,2020/12,UQ,-13014818,-13014818,,-10.58,-14.18
(주)아리바이오,069342,2021/12,UQ,-8628889,-8628889,,-6.48,-7.26
(주)아리바이오,069342,2022/12,UQ,-15662162,-15662162,,-3.75,-4.44
(주)아이비디티,074206,2015/12,UQ,-1500581,-1500581,,-3.27,-89.15
(주)아이엠지티,099399,2021/12,UQ,-5044479,-5044479,,-6.03,-16.42
(주)아이엠지티,099399,2022/12,UQ,-6144981,-6144981,,-3.92,1.43
(주)안지오랩,072402,2014/12,NA,-182392,,,-19.03,-75.5
(주)안지오랩,072402,2015/12,UQ,-82729,,,-775.8,999999999
(주)안트로젠,050782,2014/12,UQ,-1010253,-1010253,,999999999,999999999
(주)알테오젠,066654,2013/12,UQ,1995140,1995140,1995140,12.81,999999999
(주)알토스바이오로직스,105537,2021/12,NA,-8605069,,,999999999,999999999
(주)알토스바이오로직스,105537,2022/12,UQ,-1481226,,,999999999,999999999
(주)에스엔바이오사이언스,094594,2020/12,UQ,-2067954,-2067954,,-5.35,-18.81
(주)에스엔바이오사이언스,094594,2021/12,UQ,-2470240,-2470240,,-5.24,-12.84
(주)에스엔바이오사이언스,094594,2022/12,UQ,-4157859,-4157859,,-5.39,-3.38
(주)에스엔피제네틱스,044938,2012/12,UQ,418127,,,999999999,999999999
(주)에스티사이언스,074074,2014/12,NA,-70621,,,-0.46,0.36
(주)에스티사이언스,074074,2015/12,UQ,-435332,,,-0.06,-0.06
(주)에스티사이언스,074074,2016/12,UQ,-2098146,,,-0.12,-0.12
(주)에스티사이언스,074074,2017/12,UQ,544791,,,-0.98,-0.81
(주)에스티사이언스,074074,2018/12,UQ,-424413,,,-1.57,-0.55
(주)에스티사이언스,074074,2019/12,UQ,-519865,,,-2.96,-1.22
(주)에스티사이언스,074074,2020/12,UQ,-766131,,,-2.87,-6.1
(주)에스티사이언스,074074,2021/12,UQ,-136485,,,-0.27,10.37
(주)에이조스바이오,091095,2018/12,NA,-678285,,,-43.21,-64.12
(주)에이조스바이오,091095,2019/12,UQ,-1030906,,,-79.92,-149.02
(주)에이조스바이오,091095,2020/12,UQ,-1115957,,,-127.06,999999999
(주)에이티지씨,091698,2019/12,UQ,-3110435,-3110435,-3111855,-68.75,-425.22
(주)에이티지씨,091698,2020/12,UQ,-3517282,-3517282,-3501366,-35.53,-42.26
(주)에이티지씨,091698,2021/12,UQ,-8721463,-8721463,-8714401,-57.27,-85.84
(주)에이티지씨,091698,2022/12,UQ,-4858217,-4858217,,-44.39,-219.49
(주)에이프로젠,042903,2012/12,UQ,-2468034,,,-57.96,999999999
(주)에이프로젠,042903,2013/12,UQ,-4824032,-4824032,,-22.81,999999999
(주)에이프로젠,042903,2014/12,UQ,6667679,6667679,6121451,-8.48,-142.52
(주)에이프로젠,042903,2015/12,UQ,4684966,4684966,4009550,-10.44,999999999
(주)에이프로젠,042903,2016/12,UQ,32415284,32415284,30633653,11.37,999999999
(주)에이프로젠,042903,2017/12,UQ,-1224898,-1224898,-1005781,14.29,999999999
(주)에이프로젠,042903,2018/12,UQ,-20727131,-20727131,-61550811,18.92,187
(주)에이프로젠,042903,2019/12,UQ,-2286394,-2286394,-23054630,-17.19,999999999
(주)에이프로젠,042903,2020/12,UQ,-12848665,-12848665,-40903668,-22.23,-162.17
(주)에이프로젠,042903,2021/12,UQ,-28938507,-28938507,-84739870,-3.56,-7.96
(주)에이프로젠바이오로직스,072770,2015/12,UQ,-673277,-673277,,-0.66,-4.22
(주)에이프로젠바이오로직스,072770,2016/12,UQ,-1780247,-1780247,,-0.21,-0.33
(주)에이프로젠바이오로직스,072770,2017/12,UQ,219117,219117,,-0.29,-0.69
(주)에이프로젠바이오로직스,072770,2018/12,UQ,-29240480,-29240480,,-4.25,-6.76
(주)에이프로젠바이오로직스,072770,2019/12,UQ,-20532942,-20532942,,-6.27,-10.31
(주)에이프로젠바이오로직스,072770,2020/12,UQ,-27802503,-27802503,,-4.74,-6.71
(주)에이프로젠바이오로직스,072770,2021/12,UQ,-55523460,-55523460,,-5.17,-6.39
(주)엑셀세라퓨틱스,094583,2020/12,UQ,-3951075,-3951075,-3933985,-5.37,-11.45
(주)엑셀세라퓨틱스,094583,2021/12,UQ,-4543277,-4543277,-4605088,-31.74,-64.58
(주)엑셀세라퓨틱스,094583,2022/12,UQ,-7298781,-7298781,-7296024,-44.76,-116.94
(주)엑소스템텍,086073,2017/12,NA,-33240,,,999999999,999999999
(주)엑소스템텍,086073,2018/12,UQ,-502624,,,999999999,999999999
(주)엑소스템텍,086073,2019/12,UQ,-2054767,,,-30.6,-36.93
(주)엑소스템텍,086073,2020/12,UQ,-2205840,,,-35.56,-40.65
(주)엑소스템텍,086073,2021/12,UQ,-3663410,-3663410,,-9.21,-11.75
(주)엔솔바이오사이언스,069271,2013/12,NA,-1067555,,,-3.98,-4.09
(주)엔솔바이오사이언스,069271,2014/12,UQ,-2377953,,,-3.25,-2.93
(주)엔솔바이오사이언스,069271,2015/12,UQ,-1924079,-1924079,,-2.7,-6.86
(주)엔솔바이오사이언스,069271,2016/12,UQ,-3420878,-3420878,-3432149,-122.69,999999999
(주)엔솔바이오사이언스,069271,2017/12,UQ,-4624956,-4624956,-4653196,-2691.32,999999999
(주)엔텔리아,048882,2013/12,UQ,387549,,,999999999,999999999
(주)엔텔리아,048882,2014/12,UQ,1833466,,,999999999,999999999
(주)엔텔리아,048882,2015/12,UQ,1270247,,,999999999,999999999
(주)엔텔리아,048882,2016/12,UQ,594684,,,999999999,999999999
(주)엔텔리아,048882,2017/12,UQ,-378507,,,999999999,999999999
(주)엔텔리아,048882,2018/12,UQ,-219088,,,999999999,999999999
(주)엔텔리아,048882,2019/12,UQ,-181385,,,999999999,999999999
(주)엘에스케이글로벌파마서비스,073214,2014/12,NA,1954021,,,3.59,3.47
(주)엘에스케이글로벌파마서비스,073214,2015/12,UQ,733879,,,5.44,6.26
(주)엘에스케이글로벌파마서비스,073214,2016/12,UQ,-33066,,,-0.45,-0.12
(주)엘에스케이글로벌파마서비스,073214,2017/12,UQ,2519760,,,-8.17,-9.57
(주)엘에스케이글로벌파마서비스,073214,2018/12,UQ,3828683,,,-2.71,-9.88
(주)엘에스케이글로벌파마서비스,073214,2019/12,UQ,35364,,,-1922.08,999999999
(주)엘에스케이글로벌파마서비스,073214,2020/12,UQ,2610456,,,999999999,999999999
(주)엘에스케이글로벌파마서비스,073214,2021/12,UQ,3101374,,,999999999,999999999
(주)엘에스케이글로벌파마서비스,073214,2022/12,UQ,1957465,,,999999999,999999999
(주)엠디뮨,085187,2017/12,NA,-758566,,,-261.97,999999999
(주)엠디뮨,085187,2018/12,UQ,-1822817,,,-526.24,999999999
(주)엠디뮨,085187,2019/12,UQ,-2409089,,,-956.87,999999999
(주)엠디뮨,085187,2020/12,UQ,-4580764,-4580764,-4848683,-23.63,-74.43
(주)엠디뮨,085187,2021/12,UQ,-7035457,-7035457,-7301271,-22.37,-27.23
(주)엠디뮨,085187,2022/12,UQ,-7122670,-7122670,-7479724,-11.71,-13.56
(주)와이디생명과학,057360,2012/12,UQ,-1425538,-1425538,,-57.11,999999999
(주)와이디생명과학,057360,2013/12,UQ,-773803,-773803,,-15.81,-3.2
(주)와이디생명과학,057360,2014/12,UQ,-2126582,-2126582,,-6.64,-6.37
(주)와이디생명과학,057360,2015/12,UQ,-1786753,-1786753,,-17.47,-17.13
(주)와이디생명과학,057360,2016/12,UQ,-5962566,-5962566,,-13.8,-13.14
(주)와이디생명과학,057360,2017/12,UQ,-4208191,-4208191,-4400898,-10.75,-21.45
(주)와이디생명과학,057360,2018/12,UQ,-7818872,-7818872,-7701849,-5.16,-6.88
(주)와이디생명과학,057360,2019/12,UQ,-3488548,-3488548,-713746,-6.35,-9.22
(주)와이디생명과학,057360,2020/12,UQ,-3312998,-3312998,-1427946,-7.83,-9.33
(주)와이디생명과학,057360,2021/12,UQ,-3638363,-3638363,-2010070,-57.75,999999999
(주)와이디생명과학,057360,2022/12,UQ,-2791507,-2791507,-1132417,-77.98,999999999
(주)와이즈오토모티브,070028,2013/12,NA,-188970,,,999999999,999999999
(주)와이즈오토모티브,070028,2014/12,UQ,-880435,,,999999999,999999999
(주)이노테라피,073085,2015/12,UQ,-1083903,-1083903,-1150424,-2.01,-6.88
(주)이노테라피,073085,2016/12,UQ,-984966,-984966,-1122500,-2.97,-0.47
(주)이노테라피,073085,2017/12,UQ,-1999534,-1999534,-2259611,-675.45,999999999
(주)이더블유비엠,085526,2017/12,NA,-4165330,,,-28.74,-54.97
(주)이더블유비엠,085526,2018/12,QS,-4289182,,,-33.58,-118.32
(주)이뮨온시아,081905,2017/12,UQ,-3576687,-3576687,,999999999,999999999
(주)이뮨온시아,081905,2018/12,UQ,-6999282,-6999282,,999999999,999999999
(주)이뮨온시아,081905,2020/12,UQ,-10287865,-10287865,,-1420.98,999999999
(주)이뮨온시아,081905,2021/12,UQ,-1976410,-1976410,,-957.99,999999999
(주)이뮨온시아,081905,2022/12,UQ,-15301176,-15301176,,-332.99,999999999
(주)인벤티지랩,094550,2020/12,UQ,-3682687,-3682687,,-44.17,-152.27
(주)인벤티지랩,094550,2021/12,UQ,-8512504,-8512504,,-86.52,-132.65
(주)인싸이트,103530,2021/12,NA,4199221,,,38.65,44.86
(주)인싸이트,103530,2022/12,QS,2907886,,,11.24,11.41
(주)인텔리콘연구소,096296,2019/12,NA,-1919208,,,999999999,999999999
(주)인텔리콘연구소,096296,2020/12,UQ,-1877972,,,999999999,999999999
(주)인핸스드바이오,101551,2021/12,UQ,-5725853,-5725853,-9952576,-6.6,-8.38
(주)제놀루션,068774,2013/12,NA,-614976,,,999999999,999999999
(주)제놀루션,068774,2014/12,UQ,-327009,,,999999999,999999999
(주)지노첵,066636,2012/12,NA,274868,,,30.69,32.58
(주)지노첵,066636,2013/12,UQ,-210114,,,-693.16,-1339.13
(주)지아이이노베이션,090620,2019/12,UQ,-16424153,-16424153,,-123.56,999999999
(주)지아이이노베이션,090620,2020/12,UQ,-15182158,-15182158,,-108.77,999999999
(주)지아이이노베이션,090620,2021/12,UQ,-26577491,-26577491,,-108.78,999999999
(주)지플러스생명과학,085118,2017/12,NA,-1273361,,,-32.48,-64.44
(주)지플러스생명과학,085118,2018/12,UQ,-3433383,,,-49.01,-87.7
(주)지플러스생명과학,085118,2019/12,UQ,-5071113,-5071113,-5122834,-5.9,-8.1
(주)지플러스생명과학,085118,2020/12,UQ,-7734415,-7734415,-7631842,-5.29,-9.59
(주)지플러스생명과학,085118,2021/12,UQ,-8361241,-8361241,-8329639,-4.81,-3.8
(주)지피씨알,080115,2016/12,NA,-943919,,,999999999,999999999
(주)지피씨알,080115,2017/12,UQ,-1547354,,,999999999,999999999
(주)지피씨알,080115,2018/12,NA,-4235717,,,999999999,999999999
(주)지피씨알,080115,2019/12,UQ,-4482341,,,999999999,999999999
(주)지피씨알,080115,2020/12,UQ,-5545342,-5545342,,-4.64,-10.09
(주)지피씨알,080115,2021/12,UQ,-7808398,-7808398,-7589038,-5.74,0.38
(주)지피씨알,080115,2022/12,UQ,-13705553,-13705553,-13611368,-7.63,-6.56
(주)차바이오랩,087483,2018/12,UQ,7976885,7976885,,999999999,999999999
(주)차바이오랩,087483,2019/12,UQ,-4580878,-4580878,,-2649.46,999999999
(주)카이노스메드,059291,2012/12,UQ,-5052587,,,999999999,999999999
(주)카이노스메드,059291,2013/12,NA,-3279935,,,999999999,999999999
(주)카이노스메드,059291,2014/12,UQ,-2070522,,,999999999,999999999
(주)카인사이언스,084813,2017/12,NA,-279902,,,999999999,999999999
(주)카인사이언스,084813,2018/12,UQ,-959251,,,999999999,999999999
(주)카인사이언스,084813,2019/12,UQ,-3284649,-3284649,,-227.67,999999999
(주)카인사이언스,084813,2020/12,UQ,-7048653,,,999999999,999999999
(주)케마스,049338,2015/09,UQ,-438728,,,-25.44,-0.4
(주)케마스,049338,2016/12,UQ,-574148,,,999999999,999999999
(주)케마스,049338,2017/12,UQ,-1465774,,,999999999,999999999
(주)케마스,049338,2018/12,UQ,-1748517,,,999999999,999999999
(주)케마스,049338,2019/12,UQ,-2069512,,,999999999,999999999
(주)케미메디,072406,2014/12,NA,-7293545,,,-4.86,-5.17
(주)케미메디,072406,2015/12,UQ,-6181819,,,-5.31,-6.28
(주)케이씨타운,106015,2021/12,NA,50822,,,999999999,999999999
(주)케이씨타운,106015,2022/12,QS,-386741,,,999999999,999999999
(주)케이씨티엘,066633,2012/12,NA,1311823,,,4.52,4.77
(주)케이씨티엘,066633,2013/12,UQ,1618560,,,7.43,7.42
(주)케이씨티엘,066633,2014/12,UQ,3744550,,,11.61,12.98
(주)케이씨티엘,066633,2015/12,UQ,356578,,,0.09,3.71
(주)케이씨티엘,066633,2016/12,UQ,4544089,,,2.68,4.18
(주)케이씨티엘,066633,2017/12,UQ,4541811,,,9.81,-5.16
(주)케이씨티엘,066633,2018/12,UQ,4032385,,,17.88,-211.85
(주)케이씨티엘,066633,2019/12,UQ,5737445,,,14.6,11.33
(주)케이씨티엘,066633,2020/12,UQ,5501175,,,12.99,12.92
(주)케이씨티엘,066633,2021/12,UQ,6429963,,,17.45,-25.98
(주)케이씨티엘,066633,2022/12,UQ,3332022,,,-0.95,-0.89
(주)켐온,068930,2014/12,UQ,879830,879830,,189.97,999999999
(주)켐온,068930,2015/12,UQ,3965628,3965628,,999999999,999999999
(주)켐온,068930,2016/12,UQ,2514422,2514422,,999999999,999999999
(주)코스모진텍,077014,2015/12,NA,266498,,,-0.79,-0.45
(주)코스모진텍,077014,2016/12,QS,-549863,,,1.01,1.07
(주)코스모진텍,077014,2017/12,UQ,504418,,,1.09,1.25
(주)코스모진텍,077014,2018/12,UQ,719084,,,1.56,2.17
(주)코스모진텍,077014,2019/12,UQ,596844,,,1.16,1.33
(주)코스모진텍,077014,2020/12,UQ,2028889,,,3.14,3.19
(주)코스모진텍,077014,2021/12,UQ,828634,,,3.46,3.29
(주)코스모진텍,077014,2022/12,UQ,1463040,,,5.22,6.24
(주)큐라켐,080178,2016/12,NA,-470731,,,-11.78,-12.27
(주)큐라켐,080178,2017/12,UQ,508696,,,6.9,6.67
(주)큐라켐,080178,2018/12,UQ,569463,,,2.66,2.82
(주)큐라켐,080178,2019/12,UQ,-2217,,,-4.44,-4.21
(주)큐라켐,080178,2020/12,UQ,534105,,,0.86,0.34
(주)큐라켐,080178,2021/12,UQ,1093815,,,5.38,5.71
(주)큐라켐,080178,2022/12,UQ,1538698,,,5.82,7
(주)큐라클,089421,2019/12,UQ,-4452068,-4452068,,-534.99,999999999
(주)큐라클,089421,2020/12,UQ,-6284664,-6284664,,-334.35,999999999
(주)큐리언트,069007,2014/12,UQ,-6641055,-6641055,,999999999,999999999
(주)큐베스트바이오,089220,2018/12,NA,271214,,,8.34,6.53
(주)큐베스트바이오,089220,2019/12,UQ,-65868,,,-33.1,-33.5
(주)큐베스트바이오,089220,2020/12,UQ,-1128951,,,2.84,2.72
(주)큐베스트바이오,089220,2021/12,UQ,2222724,,,3.95,1.08
(주)큐베스트바이오,089220,2022/12,UQ,588193,,,1.51,4.91
(주)큐브바이오,080974,2017/12,UQ,-1967416,-1967416,,-9.3,-16.05
(주)크래프트테크놀로지스,091671,2019/12,UQ,-251680,-251680,,-3.17,-4.88
(주)크래프트테크놀로지스,091671,2021/12,UQ,-3048113,-3048113,-3034408,-5.4,-61.41
(주)크래프트테크놀로지스,091671,2022/12,UQ,-4424173,-4424173,-6987436,-1.06,-2.24
(주)테너지,066136,2012/12,NA,3450228,,,201.54,999999999
(주)테너지,066136,2013/12,UQ,2195298,,,68.62,999999999
(주)테너지,066136,2014/12,UQ,1854618,,,6.45,8.43
(주)테너지,066136,2015/12,UQ,2450062,,,0.86,1.53
(주)테너지,066136,2016/12,UQ,4239218,,,4.41,6.2
(주)테너지,066136,2017/12,UQ,4898958,,,17.35,19.58
(주)테너지,066136,2018/12,UQ,3487288,,,19.35,31.85
(주)테너지,066136,2019/12,UQ,7379086,,,21,59.38
(주)테너지,066136,2020/12,UQ,9672953,,,22.96,93.35
(주)테너지,066136,2021/12,UQ,10921817,,,21.3,43.46
(주)테너지,066136,2022/12,UQ,-1069569,,,11.91,13.23
(주)툴젠,066772,2012/12,NA,122480,,,999999999,999999999
(주)툴젠,066772,2013/12,UQ,649497,,,999999999,999999999
(주)파로스아이바이오,097161,2020/12,UQ,-3697465,-3697465,-5286852,-0.91,-1.63
(주)파로스아이바이오,097161,2021/12,UQ,-6438000,-6438000,-7319211,-1.05,-3.79
(주)파로스아이바이오,097161,2022/12,UQ,-7188849,-7188849,-8183977,-2.76,-5.97
(주)프로셀테라퓨틱스,047626,2018/12,UQ,-2841318,,,-8.61,-9.75
(주)플럼라인생명과학,069180,2014/12,UQ,-336103,,,-14.02,-17.48
(주)한국줄기세포뱅크,051912,2013/12,UQ,-1741419,-1741419,,-14.71,999999999
(주)한국줄기세포뱅크,051912,2014/12,UQ,45719,45719,,-9.44,12.29
(주)한국줄기세포뱅크,051912,2015/12,UQ,-1045822,-1045822,,-28.69,999999999
(주)한국줄기세포뱅크,051912,2016/12,UQ,-1359435,-1359435,,-5.93,999999999
(주)한국줄기세포뱅크,051912,2017/12,UQ,225981,225981,,-2.25,-4.53
(주)한국줄기세포뱅크,051912,2018/12,UQ,-4448263,-4448263,,-0.81,-5.44
(주)한국줄기세포뱅크,051912,2019/12,UQ,-1584431,-1584431,-381219,-2.6,999999999
(주)한국줄기세포뱅크,051912,2020/12,UQ,-198541,-198541,3245973,-6.18,999999999
(주)휴먼패스,078989,2015/12,NA,734524,,,0.33,0.13
(주)휴먼패스,078989,2016/12,UQ,-391567,,,0.96,2.17
(주)휴코드홀딩스,060303,2012/12,DS,0,,,-114.01,-273.86
(주)휴코드홀딩스,060303,2013/12,DS,0,,,-0.09,-0.34
(주)휴코드홀딩스,060303,2014/12,UQ,-5773269,,,-19.69,62.72
(주)휴코드홀딩스,060303,2015/12,UQ,-2049076,,,-11.21,-127.93
(주)휴코드홀딩스,060303,2016/12,UQ,-2656478,,,-21.7,-24.46
(주)휴코드홀딩스,060303,2017/12,UQ,-1478991,,,-19.61,-20.45
(주)휴코드홀딩스,060303,2018/12,UQ,-1616510,,,-3.59,-10.25
(주)휴코드홀딩스,060303,2019/12,UQ,-440020,,,999999999,999999999
(주)휴코드홀딩스,060303,2020/12,UQ,-538817,,,999999999,999999999
(주)휴코드홀딩스,060303,2021/12,UQ,52202,,,-3.48,-4.96
(주)휴코드홀딩스,060303,2022/12,UQ,-28523,,,-6.73,-9.57
가우디오랩주식회사,105090,2022/12,UQ,-3612349,-3612349,-3581878,-3.74,-4.8
강스템바이오텍,070161,2013/12,NA,-2084452,,,-53.66,999999999
강스템바이오텍,070161,2014/12,UQ,-3469650,,,-117.8,999999999
네오이뮨텍,092788,2019/12,UQ,-14330971,-14330971,-14788020,-129.31,999999999
다이노나(주),013500,2012/12,UQ,-682961,,,-2.33,-2.48
다이노나(주),013500,2013/12,UQ,-1974800,-1974800,,-1.94,-2.06
다이노나(주),013500,2014/12,UQ,-1538921,-1538921,,-2.17,-2.73
다이노나(주),013500,2015/12,UQ,-1409892,-1409892,,-6.98,-65
다이노나(주),013500,2016/12,UQ,-6098803,-6098803,,-9.94,-11.48
다이노나(주),013500,2017/12,UQ,-3303151,-3303151,,-7.2,-8.13
단디바이오사이언스,088679,2018/12,NA,-1091864,,,999999999,999999999
단디바이오사이언스,088679,2019/12,UQ,-2190528,,,-250.59,999999999
대영이피주식회사,103381,2021/12,NA,-511055,,,999999999,999999999
대영이피주식회사,103381,2022/12,QS,-659279,,,999999999,999999999
대창기업주식회사,053589,2012/12,UQ,1558679,,,1.86,1.87
대창기업주식회사,053589,2013/12,UQ,1133384,,,2.06,2.08
대창기업주식회사,053589,2014/12,UQ,-754313,,,0.87,0.89
대창기업주식회사,053589,2015/12,UQ,2995488,,,0.68,0.72
대창기업주식회사,053589,2016/12,UQ,781886,,,1.71,1.72
대창기업주식회사,053589,2017/12,UQ,1170253,,,1.66,1.68
대창기업주식회사,053589,2018/12,UQ,-9179,,,1.6,1.69
대창기업주식회사,053589,2019/12,UQ,-86694,,,1.12,1.24
대창기업주식회사,053589,2020/12,UQ,-511958,,,-0.23,-0.15
대창기업주식회사,053589,2021/12,UQ,-167503,,,-0.47,-0.46
대창기업주식회사,053589,2022/12,UQ,1944227,,,0.78,1.05
더에이치테크주식회사,096961,2019/12,NA,-331560,,,-0.02,-0.03
더에이치테크주식회사,096961,2020/12,UQ,-2658322,,,-0.23,1.35
더에이치테크주식회사,096961,2021/12,NA,474908,,,-0.74,-0.74
더에이치테크주식회사,096961,2022/12,UQ,-188894,,,-0.2,3.37
램스웨이(주),043101,2016/12,UQ,-3977191,,,-7.53,-8.16
레드엔비아,097992,2021/12,UQ,-8024922,-8024922,-9726029,-2.69,-2.62
레드엔비아,097992,2022/12,UQ,-7610693,-7610693,-8389657,-3.21,-2.92
마카온바이오테라퓨틱스주식회사,098117,2021/12,UQ,-1164108,-1164108,,-5.22,-11.03
맥심인터그레이티드프로턱트코리아주식회사,071764,2014/06,NA,-14501,,,10876.94,999999999
맥심인터그레이티드프로턱트코리아주식회사,071764,2015/06,UQ,-375039,,,999999999,999999999
메콕스큐어메드주식회사,090647,2019/12,UQ,-3295126,-3295126,,-7.64,-19.34
바이오코아(주),044114,2014/12,UQ,1816184,,,7,5.1
보로노이주식회사,087955,2018/12,UQ,-7138213,-7138213,-9371297,-205.9,999999999
보로노이주식회사,087955,2019/12,UQ,-28237114,-28237114,-33634339,-434.49,-949.98
보로노이주식회사,087955,2020/12,UQ,-15405209,-15405209,-15894603,-183.72,-286.67
보로노이주식회사,087955,2021/12,UQ,-18679979,-18679979,-17640041,-10.8,-16.37
브릿지바이오테라퓨틱스(주),080087,2017/12,UQ,-7717551,-7717551,-7786572,-4.87,-5.35
브릿지바이오테라퓨틱스(주),080087,2018/12,UQ,-14394537,-14394537,-14389854,-6.04,-15.52
비알씨주식회사,059551,2012/12,UQ,51269279,,,3.38,3.46
비알씨주식회사,059551,2013/12,UQ,-36500074,,,-0.01,0.22
비알씨주식회사,059551,2014/12,UQ,65959558,,,2.47,2.42
비알씨주식회사,059551,2015/12,UQ,40128790,,,4.45,1.65
비알씨주식회사,059551,2016/12,UQ,-2188814,,,-2.26,-2.31
비알씨주식회사,059551,2017/12,UQ,3941781,,,3.57,5.64
비알씨주식회사,059551,2018/12,UQ,15864560,,,0.13,0.92
비알씨주식회사,059551,2019/12,UQ,735908,,,-2.37,-3.02
비알씨주식회사,059551,2020/12,UQ,-727791,,,-1.6,-1.68
비알씨주식회사,059551,2021/12,UQ,-2217085,,,0.17,1.52
비알씨주식회사,059551,2022/12,UQ,13458146,,,12.58,12.79
비욘드바이오주식회사,085915,2018/12,UQ,-1620939,-1620939,,-4.54,-26.12
비욘드바이오주식회사,085915,2019/12,UQ,-4726080,-4726080,,-18.44,-3146
비욘드바이오주식회사,085915,2020/12,UQ,-3828321,-3828321,,-1955.54,999999999
비욘드바이오주식회사,085915,2021/12,UQ,-4973766,-4973766,,-2337.8,999999999
비욘드바이오주식회사,085915,2022/12,UQ,-5046938,-5046938,,-60.25,999999999
사운드백신주식회사,083925,2016/12,NA,-457872,,,999999999,999999999
사운드백신주식회사,083925,2017/12,QS,-200814,,,-608.56,-718.76
사운드백신주식회사,083925,2018/12,UQ,794954,,,71.31,68.85
사운드백신주식회사,083925,2019/12,UQ,-671214,,,-27.91,-42.44
사운드백신주식회사,083925,2020/12,UQ,-734590,,,-8.94,-0.5
사운드백신주식회사,083925,2021/12,UQ,-411016,,,-3.92,-1.96
사운드백신주식회사,083925,2022/12,UQ,-238663,,,-1008.04,999999999
소바젠주식회사,098075,2020/12,NA,-3962385,,,999999999,999999999
소바젠주식회사,098075,2021/12,UQ,-9246510,,,999999999,999999999
스페클립스(주),097866,2021/12,UQ,-1520704,-1520704,-1866650,-1.94,-2.55
신라젠주식회사,063608,2012/12,UQ,-561669,,,-118.87,999999999
신라젠주식회사,063608,2013/12,UQ,-2679250,,,-359.31,999999999
신라젠주식회사,063608,2014/12,UQ,-4894186,,,-0.76,-3.13
신라젠주식회사,063608,2015/12,UQ,-12849144,-12849144,-22387351,-1.3,-4.68
아이디언스주식회사,093316,2020/12,UQ,-12592265,-12592265,,-15.5,-15.68
아이디언스주식회사,093316,2021/12,UQ,-18134839,-18134839,-18216280,-5.86,-7.12
아이디언스주식회사,093316,2022/12,UQ,-15912271,-15912271,-15958849,-4.08,-10.12
아이씨엠주식회사,093850,2020/12,UQ,-6662372,-6662372,-6902187,-1.98,-3.63
아이씨엠주식회사,093850,2021/12,UQ,-3665760,-3665760,-4392861,-2.06,-22.08
아이씨엠주식회사,093850,2022/12,UQ,-9494274,-9494274,-9905997,-2.06,-1.94
아이진(주),063923,2012/12,UQ,-2956990,,,-186.98,999999999
알지노믹스주식회사,103614,2022/12,UQ,-14485576,-14485576,,-6.8,-13.57
압타바이오(주),080101,2016/12,NA,-676776,,,-241.26,999999999
압타바이오(주),080101,2017/12,UQ,-1949783,,,999999999,999999999
압타바이오(주),080101,2018/12,UQ,-1748760,-1748760,,-5.19,-10.11
애드파마(주),098027,2021/12,UQ,-593814,-593814,,-6.47,-8.9
애드파마(주),098027,2022/12,UQ,-8094593,-8094593,,-5.3,-5.09
앱클론(주),066872,2013/12,UQ,-1079438,-1079438,,-30.85,999999999
앱클론(주),066872,2014/12,UQ,-1480721,-1480721,,-33.2,999999999
앱클론(주),066872,2015/12,UQ,-2201286,-2201286,,-104.69,999999999
앱클론(주),066872,2016/12,UQ,-204923,-204923,,-32.93,999999999
에스디지노믹스주식회사,084871,2017/12,NA,-1169272,,,-7.68,-8.18
에스디지노믹스주식회사,084871,2018/12,QS,-1690975,,,-12.9,-13.05
에스씨엠생명과학주식회사,073499,2015/12,UQ,-2233778,-2233778,,-5.3,-7.63
에스씨엠생명과학주식회사,073499,2016/12,UQ,-3658519,-3658519,,-3.81,-2.99
에스씨엠생명과학주식회사,073499,2017/12,UQ,-4987014,-4987014,,-3.97,-0.39
에스씨엠생명과학주식회사,073499,2018/12,UQ,-6561859,-6561859,,-3.18,-15.09
에스씨엠생명과학주식회사,073499,2019/12,UQ,-8422167,-8422167,,-3.5,-13.28
에어버스헬리콥터스코리아유한회사,103064,2022/05,NA,24645696,,,999999999,999999999
에이디엠코리아(주),089406,2019/12,UQ,1436171,1436171,,44.13,999999999
에이디엠코리아(주),089406,2020/12,UQ,5685101,5685101,5323351,468.28,999999999
에이비엘바이오(주),082992,2017/12,UQ,-7142535,-7142535,,-7.5,-69.45
에이비온(주),067665,2012/12,NA,313945,,,-50.64,-51.07
에이비온(주),067665,2013/12,UQ,-3140541,,,-13.75,-14.22
에이치.엘.지노믹스주식회사,049591,2012/12,UQ,5251391,,,219.97,999999999
에이치.엘.지노믹스주식회사,049591,2013/12,UQ,5928394,,,259.83,999999999
에이치.엘.지노믹스주식회사,049591,2014/12,UQ,3255928,,,217.88,999999999
에이치.엘.지노믹스주식회사,049591,2015/12,UQ,2496347,,,1647.7,999999999
에이치.엘.지노믹스주식회사,049591,2016/12,UQ,5839206,,,3767.09,999999999
에이치.엘.지노믹스주식회사,049591,2017/12,UQ,3709867,,,655.94,999999999
에이치.엘.지노믹스주식회사,049591,2018/12,UQ,5905212,,,1318.42,999999999
에이치.엘.지노믹스주식회사,049591,2019/12,UQ,4365068,,,279.55,999999999
에이치.엘.지노믹스주식회사,049591,2020/12,UQ,3659594,,,1810.63,999999999
에이치.엘.지노믹스주식회사,049591,2021/12,UQ,5275395,,,2060.91,999999999
에이치.엘.지노믹스주식회사,049591,2022/12,UQ,4198087,,,891.86,999999999
에이치엘비셀주식회사,093505,2019/12,NA,-2230209,,,-47.6,999999999
에이치엘비셀주식회사,093505,2020/12,UQ,-2388242,,,999999999,999999999
에이치엘비셀주식회사,093505,2022/12,UQ,-2824699,-2824699,,-16.4,-87.14
엠디헬스케어,090937,2019/12,UQ,-3212088,-3212088,-3351499,-7.02,-5.8
엠디헬스케어,090937,2020/12,UQ,-3034840,-3034840,,-4.59,-4.7
엠디헬스케어,090937,2021/12,UQ,-2754720,-2754720,,-8.49,-8.91
엠디헬스케어,090937,2022/12,UQ,-4437092,-4437092,,-7.52,-5.47
오가노이드사이언스주식회사,101921,2022/12,UQ,-8517631,-8517631,,-2.15,-4.58
오름테라퓨틱주식회사,103725,2021/12,NA,-24775262,,,-1212.77,999999999
오름테라퓨틱주식회사,103725,2022/12,UQ,-44394304,,,-2152.57,999999999
올리패스주식회사,072343,2015/12,UQ,-2866937,-2866937,-2898440,-27.13,-56.84
올리패스주식회사,072343,2016/12,UQ,-6526364,-6526364,-7220887,-26.87,-98.81
올리패스주식회사,072343,2017/12,UQ,-5817176,-5817176,-9130554,-7.42,-10.43
올리패스주식회사,072343,2018/12,UQ,-11864903,-11864903,-15475877,-4.21,-5.38
올릭스주식회사,072398,2015/12,UQ,-3448354,-3448354,,-9.71,-22.19
올릭스주식회사,072398,2016/12,UQ,-3448578,-3448578,,-526.12,999999999
올릭스주식회사,072398,2017/12,UQ,-4787061,-4787061,,-127.32,-1082.27
웰마커바이오주식회사,089791,2019/12,UQ,-10543696,-10543696,,-2.45,-6.13
웰마커바이오주식회사,089791,2020/12,UQ,-10871635,-10871635,,-2.01,-1.63
웰마커바이오주식회사,089791,2021/12,UQ,-13551871,-13551871,,-2.71,-3.88
웰마커바이오주식회사,089791,2022/12,UQ,-14665001,-14665001,,-7.08,-3.33
윙쉽테크놀러지(주),061007,2012/12,UQ,-5924961,,,-7.84,-2.49
윙쉽테크놀러지(주),061007,2013/12,QU,-2030302,,,-4.34,-1.6
유바이오(주),099355,2020/12,NA,617834,,,8.36,9.8
유바이오(주),099355,2021/12,UQ,1108529,,,6.09,6.17
유바이오(주),099355,2022/12,UQ,1662187,,,7.79,11.51
이뮤노포지주식회사,095871,2019/12,NA,-2696921,,,-275.95,-554.53
이뮤노포지주식회사,095871,2020/12,UQ,-3914067,,,-564.45,999999999
이뮤노포지주식회사,095871,2021/12,UQ,-5852384,,,-1152.4,999999999
이뮤노포지주식회사,095871,2022/12,UQ,-6524064,,,-1465.46,999999999
이엔셀주식회사,098328,2021/12,UQ,-2389935,-2389935,,-1.35,-2.65
이엔셀주식회사,098328,2022/12,UQ,-6962221,-6962221,,-3.13,-17.2
이원다이애그노믹스(주),077298,2016/12,UQ,-3341764,-3341764,,-8.15,-9.29
이원다이애그노믹스(주),077298,2017/12,UQ,-3820545,-3820545,-3824775,-5.32,-5.59
일리아스바이오로직스,089245,2018/12,NA,-1761233,,,999999999,999999999
일리아스바이오로직스,089245,2019/12,UQ,-3750621,,,999999999,999999999
일리아스바이오로직스,089245,2020/12,UQ,-7679625,,,-1331.91,999999999
일리아스바이오로직스,089245,2021/12,UQ,-10374956,-10374956,-11003845,-1602.79,999999999
일리아스바이오로직스,089245,2022/12,UQ,-10741764,-10741764,-11172045,-1916.91,999999999
일진라이프사이언스(유),070495,2013/12,NA,-752011,,,-1.53,49.8
일진라이프사이언스(유),070495,2014/12,UQ,1659221,,,-0.26,12.28
자트코코리아엔지니어링(주),045422,2012/12,UQ,2639072,,,999999999,999999999
자트코코리아엔지니어링(주),045422,2013/12,UQ,2854262,,,999999999,999999999
자트코코리아엔지니어링(주),045422,2014/12,UQ,2831442,,,999999999,999999999
자트코코리아엔지니어링(주),045422,2015/12,UQ,2191356,,,999999999,999999999
자트코코리아엔지니어링(주),045422,2016/12,UQ,2753164,,,999999999,999999999
자트코코리아엔지니어링(주),045422,2017/12,UQ,-456847,,,999999999,999999999
자트코코리아엔지니어링(주),045422,2018/12,UQ,2665580,,,999999999,999999999
자트코코리아엔지니어링(주),045422,2019/12,UQ,4812166,,,999999999,999999999
자트코코리아엔지니어링(주),045422,2020/12,UQ,4055632,,,999999999,999999999
자트코코리아엔지니어링(주),045422,2021/12,UQ,2999778,,,999999999,999999999
자트코코리아엔지니어링(주),045422,2022/12,UQ,2135343,,,999999999,999999999
주식회사고바이오랩,091004,2019/12,UQ,-3668964,-3668964,-5708992,-7.38,-80.36
주식회사네오나노메딕스코리아,088856,2018/12,NA,-2940942,,,-4.93,-5.56
주식회사네오나노메딕스코리아,088856,2019/12,UQ,-1543620,,,-4.3,-9.74
주식회사넥서스칩스,058259,2012/12,NA,-557791,,,-4.43,-4.69
주식회사넥서스칩스,058259,2013/12,UQ,-2341500,,,-2.29,-7.03
주식회사노바셀테크놀로지,057923,2013/12,UQ,-743471,-743471,,-2234.4,999999999
주식회사노바셀테크놀로지,057923,2014/12,UQ,-938062,-938062,,-285.08,999999999
주식회사노바셀테크놀로지,057923,2015/12,UQ,-1697587,-1697587,,-128.89,999999999
주식회사노바셀테크놀로지,057923,2016/12,UQ,-1552486,-1552486,,-92.52,999999999
주식회사노바셀테크놀로지,057923,2017/12,UQ,-918523,-918523,,-54.67,-99.57
주식회사노바셀테크놀로지,057923,2018/12,UQ,-1462518,-1462518,,-62.78,-142.22
주식회사노바셀테크놀로지,057923,2019/12,UQ,-1904171,-1904171,,-67.4,-74.54
주식회사노바셀테크놀로지,057923,2020/12,UQ,-1432534,-1432534,,-7.41,-8.27
주식회사노바셀테크놀로지,057923,2021/12,UQ,-3691508,-3691508,,-6.83,-24.2
주식회사노바셀테크놀로지,057923,2022/12,UQ,-3081417,-3081417,,-6.18,-5.8
주식회사노스퀘스트,085052,2018/12,UQ,-3569859,-3569859,,-14.98,999999999
주식회사노스퀘스트,085052,2019/12,UQ,-2955014,-2955014,,-11.83,-85.85
주식회사노스퀘스트,085052,2020/12,UQ,-184679,-184679,-416339,-5.49,-2.9
주식회사노터스,078755,2016/12,UQ,3134345,3134345,3134345,12.24,11.03
주식회사노터스,078755,2017/12,UQ,4616281,4616281,1216248,10.32,11.91
주식회사노터스,078755,2018/12,UQ,3582260,3582260,3450235,8.91,8.4
주식회사뉴아인,089357,2018/12,NA,-266287,,,999999999,999999999
주식회사뉴아인,089357,2019/12,UQ,-1304824,,,999999999,999999999
주식회사뉴아인,089357,2020/12,UQ,-2253086,,,-154.7,999999999
주식회사뉴아인,089357,2021/12,UQ,-3664166,,,-126.31,999999999
주식회사뉴아인,089357,2022/12,UQ,-4095621,-4095621,,-3.82,-5.62
주식회사더함에스디,102726,2021/12,NA,-538205,,,-1.26,-3.88
주식회사더함에스디,102726,2022/12,UQ,-740363,,,-3.57,-6.11
주식회사덱스레보,085909,2017/12,NA,-801997,,,-8.98,-8.45
주식회사덱스레보,085909,2018/12,UQ,-169509,,,-3.9,-3.12
주식회사두민,099510,2020/12,NA,-249324,,,17.01,13.6
주식회사두민,099510,2021/12,UQ,2864964,,,4.65,7.77
주식회사두민,099510,2022/12,UQ,26457725,,,13.98,13.25
주식회사레모넥스,090778,2018/12,NA,-936615,,,-51.17,-61.97
주식회사레모넥스,090778,2019/12,UQ,-2708394,,,-97.87,999999999
주식회사레모넥스,090778,2020/12,UQ,-4379831,,,-103.43,999999999
주식회사레모넥스,090778,2021/12,UQ,-6037539,-6037539,-6934888,-4.52,-4.24
주식회사레모넥스,090778,2022/12,UQ,-8129398,-8129398,-8176683,-4.67,-2.94
주식회사루카에이아이셀,103202,2022/12,UQ,-4355344,-4355344,,-5.1,-7
주식회사리스큐어바이오사이언시스,102044,2022/12,UQ,-7242279,-7242279,-8937021,-5.52,-6.81
주식회사메디웰홀딩스,057024,2012/12,UQ,9810930,,,3.67,3.9
주식회사메디웰홀딩스,057024,2013/12,UQ,10162191,,,2.72,2.83
주식회사메디웰홀딩스,057024,2014/12,UQ,-3189527,,,3.92,4.04
주식회사메디웰홀딩스,057024,2015/12,UQ,13164313,,,2.19,2.3
주식회사메디웰홀딩스,057024,2016/12,UQ,2452728,,,1,0.7
주식회사메디웰홀딩스,057024,2017/12,UQ,2626962,,,1.74,3.03
주식회사메디웰홀딩스,057024,2018/12,UQ,2330185,,,1.43,3.49
주식회사메디웰홀딩스,057024,2019/12,UQ,2961634,,,2.54,7.36
주식회사메디웰홀딩스,057024,2020/12,UQ,911987,,,2.99,8.19
주식회사메디웰홀딩스,057024,2021/12,UQ,1390534,,,1.77,6.65
주식회사메디웰홀딩스,057024,2022/12,UQ,3697265,,,3.39,15.43
주식회사메타센스,087377,2017/12,NA,0,,,-0.07,0.32
주식회사메타센스,087377,2018/12,DS,0,,,-0.17,-2.05
주식회사메티메디제약,089438,2018/12,NA,-1171903,,,999999999,999999999
주식회사메티메디제약,089438,2019/12,UQ,-2140033,,,999999999,999999999
주식회사미토이뮨테라퓨틱스,104138,2022/12,UQ,-11097119,-11097119,,-8.95,-19.18
주식회사바이오스타코리아,059734,2012/12,DU,768142,,,0.71,-5.69
주식회사바이오스타코리아,059734,2013/12,DU,-4933582,,,-3.59,-14.28
주식회사바이오스타코리아,059734,2014/12,DU,3099155,,,5.55,6.91
주식회사바이오스타코리아,059734,2015/12,DU,9357034,,,-0.08,999999999
주식회사바이오스타코리아,059734,2016/12,DU,30213936,,,-245.15,999999999
주식회사바이오스타코리아,059734,2017/12,DU,13637072,,,999999999,999999999
주식회사바이오스타코리아,059734,2018/12,DU,12384304,,,999999999,999999999
주식회사바이오스타코리아,059734,2019/12,DS,5061091,,,999999999,999999999
주식회사바이오스타코리아,059734,2020/12,DU,-808996,,,999999999,999999999
주식회사바이오오케스트라,098551,2021/12,UQ,-9803087,-9803087,-9803087,-10.14,-85.03
주식회사바이오오케스트라,098551,2022/12,UQ,-17097480,-17097480,-17492977,-10.18,-14.39
주식회사바이오인프라,072694,2014/12,NA,1233682,,,1.87,1.88
주식회사바이오인프라,072694,2015/12,UQ,1474025,,,2.34,2.27
주식회사바이오인프라,072694,2016/12,UQ,1801694,,,3.57,3.63
주식회사바이오인프라,072694,2019/12,NA,4329636,,,21.1,-18.93
주식회사바이오인프라,072694,2020/12,UQ,3874488,,,23.73,26.83
주식회사바이오인프라,072694,2021/12,UQ,6563408,6563408,,33.44,41.37
주식회사바이칼솔루션,086068,2017/12,NA,13990874,,,999999999,999999999
주식회사바이칼솔루션,086068,2018/12,QS,-6110326,,,999999999,999999999
주식회사바이칼솔루션,086068,2019/12,UQ,-6596221,,,999999999,999999999
주식회사뷰노,084776,2017/12,NA,-873123,,,999999999,999999999
주식회사뷰노,084776,2018/12,UQ,-2072872,,,999999999,999999999
주식회사뷰노,084776,2019/12,UQ,-4868520,-4868520,,-197.25,999999999
주식회사블리트,081575,2016/12,NA,-14641446,,,999999999,999999999
주식회사블리트,081575,2017/12,UQ,-2662755,,,3.55,3.55
주식회사블리트,081575,2018/12,UQ,-4344270,,,3.59,3.61
주식회사블리트,081575,2019/12,UQ,22977186,,,-1.74,-1.85
주식회사비바이오,082623,2016/12,NA,1119088,,,1.18,1.13
주식회사비바이오,082623,2017/12,UQ,-1476418,,,5.51,3.88
주식회사비보존,080098,2017/12,UQ,-4772444,-4772444,-4829175,-44.08,-80.96
주식회사비보존,080098,2018/12,UQ,-9664719,-9664719,-9630929,-57.96,999999999
주식회사비보존,080098,2019/12,UQ,-26412259,-26412259,-26464783,-141.75,999999999
주식회사비보존,080098,2020/12,UQ,-17875210,-17875210,-18425178,-7.69,-2.73
주식회사비보존,080098,2021/12,UQ,-11246155,-11246155,-11320281,-266.23,999999999
주식회사비보존,080098,2022/12,UQ,-13112192,-13112192,-13043104,-298.74,999999999
주식회사비아이티범우연구소,040573,2012/12,UQ,867643,,,999999999,999999999
주식회사비아이티범우연구소,040573,2013/12,UQ,-382880,,,999999999,999999999
주식회사비아이티범우연구소,040573,2014/12,UQ,1858897,,,999999999,999999999
주식회사비아이티범우연구소,040573,2015/12,UQ,236652,,,999999999,999999999
주식회사비아이티범우연구소,040573,2016/12,UQ,2087759,,,999999999,999999999
주식회사비아이티범우연구소,040573,2017/12,UQ,2058287,,,999999999,999999999
주식회사비아이티범우연구소,040573,2018/12,UQ,904282,,,34993.43,999999999
주식회사비아이티범우연구소,040573,2019/12,UQ,621853,,,999999999,999999999
주식회사빅버디,070496,2013/12,NA,1034613,,,0.96,0.95
주식회사빅버디,070496,2014/12,UQ,649599,,,2.62,3.95
주식회사빅버디,070496,2015/12,UQ,766638,,,4.22,4.1
주식회사빅씽크,097505,2020/12,NA,-4046423,,,-9.75,-11.31
주식회사빅씽크,097505,2021/12,UQ,-3857490,,,-9.56,-11.36
주식회사센트럴바이오,103068,2021/12,NA,1223010,,,6.69,6.79
주식회사센트럴바이오,103068,2022/12,UQ,4415281,,,4.06,4.55
주식회사셀라토즈테라퓨틱스,101972,2022/12,UQ,-7223404,-7223404,,-2.16,-0.14
주식회사셀비온,081044,2017/12,UQ,-2239520,-2239520,,-4.81,-14.02
주식회사셀비온,081044,2018/12,UQ,-3376211,-3376211,,-12.2,-28.87
주식회사셀비온,081044,2019/12,UQ,-3705985,-3705985,,-63.85,-256.31
주식회사셀비온,081044,2020/12,UQ,-2026319,-2026319,,-22.31,-23.56
주식회사셀비온,081044,2021/12,UQ,-3490597,-3490597,,-16.44,-18.85
주식회사셀비온,081044,2022/12,UQ,-4640334,-4640334,,-15.04,-26.95
주식회사스마젠,057153,2012/12,UQ,-2070424,,,-2.34,-4.3
주식회사스마젠,057153,2013/12,UQ,-3324199,,,-1.82,-2.8
주식회사스마젠,057153,2014/12,UQ,-2630136,,,-2.23,-3.47
주식회사스마젠,057153,2015/12,UQ,-1443981,,,-1.49,-1.83
주식회사스마젠,057153,2016/12,UQ,-1386948,,,-1.48,-2.75
주식회사스마젠,057153,2017/12,UQ,-3649610,,,-5.25,999999999
주식회사스마젠,057153,2018/12,UQ,-2314066,,,-250.15,999999999
주식회사스카이칩스,104304,2022/12,UQ,-4702373,-4702373,,-191.94,-368.8
주식회사스탠드업테라퓨티스,102013,2021/12,NA,-299726,,,999999999,999999999
주식회사스탠드업테라퓨티스,102013,2022/12,UQ,-1124785,,,-214.88,-235.41
주식회사싸이토젠,070627,2014/12,UQ,-1026158,-1026158,,-3212.25,999999999
주식회사싸이토젠,070627,2015/12,UQ,-2028710,-2028710,,-24.15,-28.82
주식회사싸이토젠,070627,2016/12,UQ,-2362737,-2362737,,-25.69,-20.68
주식회사싸이토젠,070627,2017/12,UQ,-2178811,-2178811,,-6.18,-4.78
주식회사쎌트로이,099039,2020/12,NA,759926,,,34.84,57.21
주식회사쎌트로이,099039,2021/12,UQ,686748,,,-9.07,999999999
주식회사쎌트로이,099039,2022/12,UQ,-1086392,,,999999999,999999999
주식회사쓰리빌리언,095537,2020/12,UQ,-2701661,-2701661,,-188.28,999999999
주식회사쓰리빌리언,095537,2021/12,UQ,-4632188,-4632188,,-218.81,999999999
주식회사쓰리빌리언,095537,2022/12,UQ,-6414043,-6414043,,-317.1,999999999
주식회사아스트로젠,084906,2017/12,NA,-108157,,,-86.68,-88.91
주식회사아스트로젠,084906,2018/12,UQ,-543348,,,-36.72,-35.72
주식회사아스트로젠,084906,2019/12,UQ,-1607546,,,-83.84,-116
주식회사아스트로젠,084906,2020/12,UQ,-2659850,,,-69.27,-214.82
주식회사아스트로젠,084906,2021/12,UQ,-5018797,,,-100.52,999999999
주식회사아스트로젠,084906,2022/12,UQ,-5738746,,,-114.67,999999999
주식회사아이리시스,089346,2018/12,NA,-87262,,,2.27,1.99
주식회사아이리시스,089346,2019/12,UQ,-1131028,,,1.39,2.47
주식회사아이리시스,089346,2020/12,UQ,108638,,,-4.87,-4.24
주식회사아이리시스,089346,2021/12,UQ,-2535947,-2535947,,-6.38,-6.85
주식회사아이리시스,089346,2022/12,UQ,-2010346,-2010346,,-5.28,2.07
주식회사아이엠인베스트,092224,2018/12,NA,-4282589,,,0,-0.01
주식회사아이엠인베스트,092224,2019/12,QS,1696710,,,-0.07,999999999
주식회사아이엠인베스트,092224,2020/12,NA,-20858,,,-0.07,-0.07
주식회사아이엠인베스트,092224,2021/12,DS,-56,,,999999999,999999999
주식회사아임뉴런,102005,2022/12,UQ,-7417908,-7417908,,-66.19,999999999
주식회사애스톤사이언스,101051,2021/12,UQ,-7815427,-7815427,-7816055,-9.19,-20.07
주식회사애스톤사이언스,101051,2022/12,UQ,-14140929,-14140929,-14156317,-6.93,-10.66
주식회사에스엘바이젠,074120,2014/12,NA,-514181,,,-11.1,-17.17
주식회사에스엘바이젠,074120,2015/12,UQ,-259518,,,-0.82,8.55
주식회사에스엘바이젠,074120,2016/12,UQ,-889593,,,-0.85,1.01
주식회사에스엘바이젠,074120,2017/12,UQ,-3766744,,,-4.05,6.32
주식회사에스엘바이젠,074120,2018/12,UQ,-5017120,,,-79.31,999999999
주식회사에스엘바이젠,074120,2019/12,UQ,-6603271,,,-49.6,999999999
주식회사에스엘바이젠,074120,2020/12,UQ,-8024118,,,-30.26,21.8
주식회사에스엘바이젠,074120,2021/12,UQ,-8050773,,,-14.44,-15.4
주식회사에스엘바이젠,074120,2022/12,UQ,-6770621,,,-9.48,-13.51
주식회사에스엘백시젠,088496,2018/12,UQ,-5714219,-5714219,,-11.15,-23.03
주식회사에스엘백시젠,088496,2019/12,UQ,-3443710,-3443710,,-1.67,3.4
주식회사에스엘백시젠,088496,2021/12,UQ,-5444048,-5444048,,-4.46,-4.11
주식회사에스제이홀딩스컴퍼니,105065,2021/12,NA,-14455771,,,-0.75,-0.79
주식회사에스제이홀딩스컴퍼니,105065,2022/12,UQ,-24131078,,,-0.26,-0.26
주식회사에이엠에스바이오,045299,2022/12,UQ,-643474,-643474,,-2.46,-2.39
주식회사에이치바이온,072441,2014/12,NA,-3910005,,,-66.36,-100.55
주식회사에이치바이온,072441,2015/12,UQ,-2089823,,,999999999,999999999
주식회사에이치바이온,072441,2016/12,UQ,-2896507,,,999999999,999999999
주식회사에이치바이온,072441,2017/12,UQ,-3254066,,,-52.65,999999999
주식회사에이치바이온,072441,2018/12,UQ,-2062669,,,-16.1,999999999
주식회사에이치바이온,072441,2019/12,UQ,-454730,,,-3.71,-10.93
주식회사에이치사이언스,091034,2019/12,UQ,-215703,-215703,,-0.02,-3.51
주식회사에이치이엠파마,097073,2020/12,UQ,-3328199,-3328199,,-181.1,-234.45
주식회사에이치이엠파마,097073,2021/12,UQ,-7539914,-7539914,,-4748.49,999999999
주식회사에이치이엠파마,097073,2022/12,UQ,-11131370,-11131370,,-4854.41,999999999
주식회사에이치피바이오연구소,082402,2017/12,UQ,-21195,,,999999999,999999999
주식회사에이치피바이오연구소,082402,2018/12,UQ,-1514443,,,-145.08,999999999
주식회사에이치피바이오연구소,082402,2019/12,UQ,-1164747,,,-56.68,-23.91
주식회사에이프릴바이오,089336,2019/12,UQ,-2523669,-2523669,,-3.78,-5.98
주식회사에이프릴바이오,089336,2020/12,UQ,-7328653,-7328653,,-7.2,-7.55
주식회사에이프릴바이오,089336,2021/12,UQ,3251733,3251733,,2.1,-27.48
주식회사에피바이오텍,101973,2021/12,NA,-2823817,,,-44.01,-141.86
주식회사에피바이오텍,101973,2022/12,UQ,-4424893,,,-55.08,-185.96
주식회사엔딕,076947,2015/12,NA,571710,,,26.17,26.42
주식회사엔딕,076947,2016/12,UQ,638979,,,27.07,26.71
주식회사엔딕,076947,2020/12,NA,1776793,,,12.33,45.23
주식회사엔딕,076947,2021/12,UQ,2448155,,,12.62,19.55
주식회사엔딕,076947,2022/12,UQ,5864571,,,11.79,14.47
주식회사엔비피헬스케어,091378,2018/12,NA,189703,,,0.91,1.07
주식회사엔비피헬스케어,091378,2019/12,UQ,469730,,,0.22,0.12
주식회사엔비피헬스케어,091378,2021/12,NA,1244066,,,4.22,1.42
주식회사엔비피헬스케어,091378,2022/12,UQ,-583941,,,-0.44,-1.09
주식회사엠스텍,098783,2020/12,NA,-1061934,,,8.04,999999999
주식회사엠스텍,098783,2021/12,UQ,2021104,,,15.6,23.06
주식회사엠스텍,098783,2022/12,UQ,695635,,,28.54,999999999
주식회사엠에이치씨앤씨,101800,2022/12,UQ,4944240,4944240,,-25.72,-902.82
주식회사엠컨설팅,096935,2019/12,NA,-250288,,,-1.59,-1.79
주식회사엠컨설팅,096935,2020/12,UQ,-1345388,,,-0.49,44.05
주식회사엠컨설팅,096935,2021/12,UQ,-1025262,,,1.32,1.34
주식회사엠컨설팅,096935,2022/12,DU,405214,,,1.91,1.88
주식회사오큐피바이오,097348,2021/12,DS,951067,,,-1.47,-0.47
주식회사온코크로스,088909,2019/12,UQ,-1110329,-1110329,,-1.75,-0.64
주식회사온코크로스,088909,2020/12,UQ,-2706942,-2706942,,-1.48,-4.52
주식회사온코크로스,088909,2021/12,UQ,-5615372,-5615372,-6276439,-1.25,-1.52
주식회사온코크로스,088909,2022/12,UQ,-6640041,-6640041,-8199535,-96.38,999999999
주식회사와이바이오로직스,080825,2016/12,NA,-129673,,,-148.64,-285.16
주식회사와이바이오로직스,080825,2017/12,UQ,-2939384,,,-1354.96,999999999
주식회사와이바이오로직스,080825,2018/12,UQ,-6318329,-6318329,,-7.33,-20.01
주식회사와이바이오로직스,080825,2019/12,UQ,-9364786,-9364786,,-23.55,999999999
주식회사와이바이오로직스,080825,2020/12,UQ,-10967574,-10967574,,-18,-29.16
주식회사와이바이오로직스,080825,2021/12,UQ,-9168185,-9168185,,-151.36,999999999
주식회사와이바이오로직스,080825,2022/12,UQ,-10104925,-10104925,,-182.05,-512.21
주식회사원프레딕트,104635,2022/12,UQ,-7544412,-7544412,,-3.53,-10.74
주식회사유빅스테라퓨틱스,102374,2022/12,UQ,-7201099,-7201099,,-7.75,-9.73
주식회사윤송산업개발,100992,2020/12,NA,1607003,,,-11.34,-11.63
주식회사윤송산업개발,100992,2021/12,UQ,2360211,,,7.16,7.2
주식회사윤송산업개발,100992,2022/12,UQ,-2918427,,,2.31,1.75
주식회사이원생명과학연구원,065996,2012/12,NA,833325,,,0.94,1.13
주식회사이원생명과학연구원,065996,2013/12,QS,-240098,,,3.18,3.08
주식회사이원생명과학연구원,065996,2014/12,UQ,1446735,,,4.42,4.43
주식회사이원생명과학연구원,065996,2015/12,UQ,1581449,,,9.02,9.14
주식회사이원생명과학연구원,065996,2016/12,UQ,1606454,,,10.35,10.52
주식회사이원생명과학연구원,065996,2017/12,UQ,1058254,,,11.34,11.43
주식회사이원생명과학연구원,065996,2018/12,UQ,1708758,,,9.68,23.14
주식회사이원생명과학연구원,065996,2019/12,UQ,3233690,,,7.56,12.33
주식회사이원생명과학연구원,065996,2020/12,UQ,2985116,,,19.66,35.05
주식회사이원생명과학연구원,065996,2021/12,UQ,1566184,,,11.98,33.55
주식회사이원생명과학연구원,065996,2022/12,UQ,3104083,,,20.55,35.03
주식회사이지셀바이오,099018,2020/12,NA,-278889,,,999999999,999999999
주식회사이지셀바이오,099018,2021/12,UQ,-386542,,,999999999,999999999
주식회사이지셀바이오,099018,2022/12,UQ,-269544,,,999999999,999999999
주식회사인공지능연구원,080032,2017/12,UQ,-2291987,-2291987,,-906.89,999999999
주식회사인공지능연구원,080032,2018/12,UQ,-904499,-904499,,-507.03,999999999
주식회사인공지능연구원,080032,2019/12,UQ,-1375210,-1375210,,-342.97,999999999
주식회사인투셀,088595,2018/12,NA,-2178260,,,-68.55,999999999
주식회사인투셀,088595,2019/12,UQ,-2598110,,,-57.55,999999999
주식회사인투셀,088595,2020/12,UQ,-4687976,-4687976,,-3,-5.8
주식회사인투셀,088595,2021/12,UQ,-3728284,-3728284,,-7.45,-29.31
주식회사인투셀,088595,2022/12,UQ,-6063314,-6063314,,-3085.52,999999999
주식회사지놈앤컴퍼니,081823,2016/12,NA,-895942,,,-28320.31,999999999
주식회사지놈앤컴퍼니,081823,2017/12,UQ,-2264534,,,999999999,999999999
주식회사지뉴브,092305,2018/12,NA,-1508873,,,999999999,999999999
주식회사지뉴브,092305,2019/12,UQ,-3287552,,,999999999,999999999
주식회사지뉴브,092305,2021/12,UQ,-8447196,-8447196,,-5.09,-6.31
주식회사지뉴브,092305,2022/12,UQ,-6781470,-6781470,-6795276,-3.41,-0.51
주식회사지아이바이옴,093710,2020/12,UQ,-3492288,-3492288,,-138.39,999999999
주식회사지아이바이옴,093710,2021/12,UQ,-5762848,-5762848,,-294,999999999
주식회사지아이바이옴,093710,2022/12,UQ,-7531400,-7531400,,-150.66,999999999
주식회사지아이셀,098329,2021/12,UQ,-20726003,-20726003,,-363.57,999999999
주식회사지아이셀,098329,2022/12,UQ,-23730515,-23730515,,-318.51,999999999
주식회사지엔티파마,043334,2012/12,DU,-492047,,,-2.03,21.32
주식회사지엔티파마,043334,2013/12,DU,-1318164,,,-1.05,-2.19
주식회사지엔티파마,043334,2016/12,UQ,-2998100,,,-37.08,-43.48
주식회사지엔티파마,043334,2017/12,UQ,-1864141,,,-14.93,-13.04
주식회사지엔티파마,043334,2018/12,UQ,-2140097,,,-18.61,-18.57
주식회사지엔티파마,043334,2020/12,UQ,-4830435,-4830435,,-16.63,-19.46
주식회사지엔티파마,043334,2021/12,UQ,-3705532,-3705532,,-13.38,-14.22
주식회사지엔티파마,043334,2022/12,DS,-6934959,-6934959,,999999999,999999999
주식회사진셀팜,076071,2015/12,NA,1275496,,,999999999,999999999
주식회사진셀팜,076071,2016/12,UQ,1547537,,,40.97,84.15
주식회사진셀팜,076071,2017/12,UQ,1129190,1129190,1124195,5,4.94
주식회사진셀팜,076071,2018/12,UQ,332620,332620,332655,0.32,0.32
주식회사진셀팜,076071,2019/12,UQ,114156,114156,115822,-4.99,-5.16
주식회사진셀팜,076071,2020/12,UQ,899315,899315,797920,-0.98,-1.41
주식회사진셀팜,076071,2021/12,UQ,3190205,3190205,3292914,5.49,5.64
주식회사진셀팜,076071,2022/12,UQ,3006125,3006125,3075024,3,3.11
주식회사차백신연구소,076935,2015/12,NA,-405965,,,-2.28,-5.1
주식회사차백신연구소,076935,2016/12,UQ,-696155,,,-3.03,-6.96
주식회사차백신연구소,076935,2020/12,UQ,-3954336,-3954336,,-5.06,-7.21
주식회사천랩,073835,2015/12,UQ,-1419549,-1419549,-1545182,999999999,999999999
주식회사천랩,073835,2016/12,UQ,-1711999,-1711999,-1717939,999999999,999999999
주식회사천랩,073835,2017/12,UQ,-2038878,-2038878,-2069885,-4503.1,999999999
주식회사천랩,073835,2018/12,UQ,-1815458,-1815458,-2034994,-4562.22,999999999
주식회사칸젠,079459,2015/12,NA,-106390,,,999999999,999999999
주식회사칸젠,079459,2016/12,UQ,-348612,,,-11.73,-11.87
주식회사쿼드메디슨,102433,2022/12,UQ,-1954007,-1954007,,-3.64,-5.98
주식회사큐라티스,088782,2019/12,UQ,-6934256,-6934256,,-7.41,-73.42
주식회사큐라티스,088782,2020/12,UQ,-10710170,-10710170,,999999999,999999999
주식회사큐라티스,088782,2021/12,UQ,-14430227,-14430227,,-13.44,-16.08
주식회사큐라티스,088782,2022/12,UQ,-13232520,-13232520,,-10.3,-16.84
주식회사큐로셀,094579,2020/12,UQ,-6885228,-6885228,,-49.59,-177.78
주식회사큐로셀,094579,2021/12,UQ,-11536127,-11536127,,-78.32,999999999
주식회사큐로셀,094579,2022/12,UQ,-14391896,-14391896,,-103.34,999999999
주식회사테라젠바이오,093192,2020/12,UQ,3202438,3202438,,-48.51,999999999
주식회사테라젠바이오,093192,2021/12,UQ,2211417,2211417,,-23.55,999999999
주식회사테라젠바이오,093192,2022/12,UQ,-420491,-420491,,-27.12,999999999
주식회사티비허브,091140,2018/12,NA,3438060,,,999999999,999999999
주식회사티비허브,091140,2019/12,UQ,2490424,,,999999999,999999999
주식회사티에스바이오,101308,2021/12,NA,-2421367,,,-5.15,-2.94
주식회사티에스바이오,101308,2022/12,UQ,-3398852,,,-4.17,-4.39
주식회사티움바이오,087932,2018/12,UQ,-5050563,-5050563,,999999999,999999999
주식회사파멥신,066970,2012/12,NA,-1961076,,,-119.3,999999999
주식회사파멥신,066970,2013/12,UQ,-5817784,,,-274.23,999999999
주식회사파멥신,066970,2014/12,UQ,-698214,-698214,,-0.99,-0.99
주식회사파멥신,066970,2015/12,UQ,-1177075,-1177075,,-315.61,999999999
주식회사팩스,101490,2020/12,NA,-529879,,,-2002.48,-2035.14
주식회사팩스,101490,2021/12,UQ,-1766301,,,-293.61,-294.77
주식회사팩스,101490,2022/12,DU,-122952,,,-183.57,-183.34
주식회사퍼스트바이오테라퓨틱스,090165,2018/12,NA,-6433481,,,999999999,999999999
주식회사퍼스트바이오테라퓨틱스,090165,2019/12,UQ,-10237719,,,999999999,999999999
주식회사퍼스트바이오테라퓨틱스,090165,2020/12,UQ,-8550203,-8550203,,-3.19,-6.35
주식회사퍼스트바이오테라퓨틱스,090165,2021/12,UQ,-11774196,-11774196,-11782704,-2.6,-15.47
주식회사퍼스트바이오테라퓨틱스,090165,2022/12,UQ,-10699686,-10699686,-10707951,-2,1.67
주식회사펨토바이오메드,086435,2017/12,NA,-923935,,,-437.41,999999999
주식회사펨토바이오메드,086435,2018/12,UQ,-1098618,,,-1690.34,999999999
주식회사푸른솔,076439,2015/12,NA,-3418231,,,-5.46,-5.51
주식회사푸른솔,076439,2016/12,UQ,572076,,,9.02,9.16
주식회사푸른솔,076439,2017/12,UQ,-1498252,,,8.9,9.23
주식회사푸른솔,076439,2018/12,UQ,5899095,,,-13.33,-14.22
주식회사프로닉스,102822,2021/12,NA,-3245117,,,-19.68,-49.04
주식회사프로닉스,102822,2022/12,UQ,-3969053,,,-44.26,-75.65
주식회사프로스테믹스,048258,2012/12,UQ,-1409499,,,0.74,-1.36
주식회사프로스테믹스,048258,2013/12,UQ,1843320,,,7.66,6.44
주식회사프로스테믹스,048258,2014/12,UQ,4749307,4749307,4734465,21.59,34.04
주식회사프로젠,077469,2015/12,NA,475428,,,0.06,13.38
주식회사프로젠,077469,2016/12,UQ,-1039181,,,-1.24,0.25
주식회사프로젠,077469,2017/12,UQ,-2591899,,,-3.96,12.11
주식회사프로젠,077469,2018/12,UQ,-3800736,,,-7.54,2.09
주식회사프로젠,077469,2019/12,UQ,-3209902,,,-7.34,-13.64
주식회사프로젠,077469,2020/12,UQ,-2297928,,,-7.2,36.58
주식회사프로젠,077469,2021/12,UQ,-3575725,,,-11.45,-32.85
주식회사프로젠,077469,2022/12,UQ,-5154961,,,-6.37,-12.23
주식회사피노바이오,089167,2018/12,NA,-3872576,,,999999999,999999999
주식회사피노바이오,089167,2019/12,UQ,-7504400,,,999999999,999999999
주식회사피노바이오,089167,2020/12,UQ,-11567133,-11567133,-11567180,-7.4,-8.99
주식회사피노바이오,089167,2021/12,UQ,-12931356,-12931356,-13749953,-4.56,-6.06
주식회사피노바이오,089167,2022/12,UQ,-8875826,-8875826,-10076487,-3.17,-4.21
주식회사피씨지,060055,2012/12,UQ,105059,,,1.24,1.35
주식회사피씨지,060055,2013/12,UQ,5013878,,,1.48,1.48
주식회사피씨지,060055,2014/12,UQ,409296,,,1.98,2.03
주식회사피씨지,060055,2015/12,UQ,2771241,,,1.92,1.91
주식회사피씨지,060055,2016/12,UQ,945249,,,1.8,1.92
주식회사피씨지,060055,2017/12,UQ,90916,,,3.07,3.52
주식회사피씨지,060055,2018/12,UQ,705731,,,2.41,1.71
주식회사피씨지,060055,2019/12,UQ,393014,,,3.5,3.53
주식회사피씨지,060055,2020/12,UQ,1117844,,,5.26,5.38
주식회사피씨지,060055,2021/12,UQ,3374684,,,2.7,2.62
주식회사피씨지,060055,2022/12,UQ,5851131,,,2.65,999999999
주식회사피에이치파마,082614,2017/12,UQ,-8233975,-8233975,-12060203,-3.61,-7.37
주식회사피에이치파마,082614,2018/12,UQ,-14232794,-14232794,-14904776,-3.43,-7.71
주식회사피에이치파마,082614,2019/12,UQ,-20848022,-20848022,-20302077,-4.21,-5.76
주식회사피에이치파마,082614,2020/12,UQ,-17080716,-17080716,-16177192,-11.46,-10.43
주식회사피에이치파마,082614,2021/12,UQ,-9580542,-9580542,-8316493,-5.73,-2.16
주식회사피코엔텍,093107,2019/12,NA,-1414979,,,-7.65,-7.76
주식회사피코엔텍,093107,2020/12,UQ,-1043908,,,-9.11,-9.22
주식회사피코엔텍,093107,2021/12,UQ,-2041846,,,-11.02,-12.03
주식회사피코엔텍,093107,2022/12,UQ,-1171013,,,-10.44,-14.68
주식회사하이센스바이오,090613,2018/12,NA,-447401,,,-246.44,999999999
주식회사하이센스바이오,090613,2019/12,UQ,-3197941,,,999999999,999999999
주식회사하이센스바이오,090613,2020/12,UQ,-2402961,-2402961,,-4.31,-4.72
주식회사하이센스바이오,090613,2021/12,UQ,-3055184,-3055184,,-4.71,-18.64
주식회사하이센스바이오,090613,2022/12,UQ,-4839741,-4839741,,-0.49,-28.44
주식회사한국의약연구소,072697,2015/12,UQ,1339762,1339762,,706.28,999999999
주식회사한국의약연구소,072697,2016/12,UQ,1300949,1300949,,999999999,999999999
주식회사한국의약연구소,072697,2020/12,UQ,-1792149,-1792149,,39.71,999999999
주식회사한국의약연구소,072697,2021/12,UQ,6584021,6584021,,87.81,999999999
주식회사한국의약연구소,072697,2022/12,UQ,-161362,-161362,,54.2,999999999
주식회사휴림바이오셀,094241,2019/12,NA,243895,,,-659.85,999999999
주식회사휴림바이오셀,094241,2020/12,UQ,-180157,,,-541.25,999999999
주식회사휴림바이오셀,094241,2021/12,DU,-1084345,,,-901.7,999999999
주식회사휴벳바이오,096922,2019/12,NA,-786123,,,-25.95,999999999
주식회사휴벳바이오,096922,2020/12,UQ,-964348,,,-23.79,999999999
주식회사휴벳바이오,096922,2021/12,UQ,-690878,,,-33.75,999999999
지니너스주식회사,095402,2020/12,UQ,1843576,1843576,,-3.61,-8.41
지엘팜텍주식회사,072290,2013/12,UQ,773250,,,2.22,999999999
지엘팜텍주식회사,072290,2014/12,UQ,-210165,,,5.04,999999999
지엘팜텍주식회사,072290,2015/12,UQ,2403522,2403522,,12.88,36.74
진메디신주식회사,097758,2021/12,UQ,-9134807,-9134807,-9018902,-29.08,-66.41
진메디신주식회사,097758,2022/12,UQ,-13520159,-13520159,-13636291,-27.99,-24.39
철산개발(주),077930,2015/12,NA,-80493,,,-2.01,999999999
철산개발(주),077930,2016/12,QS,-72840,,,-1.39,-6.94
철산개발(주),077930,2019/12,UQ,-1498491,,,-4.09,-5.61
철산개발(주),077930,2020/12,NA,-2731802,,,-33.54,999999999
철산개발(주),077930,2021/12,UQ,-1720017,,,-4.11,-6.69
철산개발(주),077930,2022/12,UQ,-2147806,,,-2.39,-3
코아솔,105535,2021/12,NA,1118837,,,1330097.05,999999999
코아솔,105535,2022/12,UQ,1795855,,,999999999,999999999
크로넥스(주),070350,2013/12,NA,46953,,,1.24,2.07
크로넥스(주),070350,2014/12,UQ,-39548,,,25.53,28.79
클립스비엔씨주식회사,077778,2015/12,NA,-820372,,,-28.53,-36.08
클립스비엔씨주식회사,077778,2016/12,UQ,-257024,,,2.77,2.93
클립스비엔씨주식회사,077778,2017/12,UQ,-48448,,,-11.45,-12.05
클립스비엔씨주식회사,077778,2018/12,UQ,-1516735,,,-29.65,999999999
클립스비엔씨주식회사,077778,2019/12,UQ,-1748687,-1748687,,-17.21,-200.31
클립스비엔씨주식회사,077778,2020/12,UQ,-1903000,-1903000,,-32.63,-136.16
클립스비엔씨주식회사,077778,2021/12,UQ,-1663423,-1663423,,-42.28,999999999
클립스비엔씨주식회사,077778,2022/12,UQ,-3133946,-3133946,,-28.78,-80.78
트윈피그바이오랩주식회사,105191,2021/12,NA,-1392322,,,-138.47,-152.25
트윈피그바이오랩주식회사,105191,2022/12,UQ,-1119036,,,-152.57,-154.69
파로스젠(주),083625,2017/12,NA,-604219,,,-825.46,999999999
파로스젠(주),083625,2018/12,UQ,-371982,,,999999999,999999999
파로스젠(주),083625,2019/12,UQ,-496884,,,999999999,999999999
파로스젠(주),083625,2020/12,UQ,-532037,,,999999999,999999999
파로스젠(주),083625,2021/12,UQ,-709758,,,-27.66,-31.38
파로스젠(주),083625,2022/12,UQ,-689963,,,-33.31,-35.88
페리지에어로스페이스주식회사,100766,2021/12,UQ,-5307000,-5307000,,-3.77,-8.2
페리지에어로스페이스주식회사,100766,2022/12,UQ,-8465614,-8465614,,-4.75,-8.16
퓨쳐메디신주식회사,076598,2016/12,DU,-2663570,-2663570,,-21.44,-21.78
퓨쳐메디신주식회사,076598,2017/12,UQ,-3352821,-3352821,,-13.16,-13.86
퓨쳐메디신주식회사,076598,2018/12,UQ,-4310213,-4310213,,-14.88,-16.14
퓨쳐메디신주식회사,076598,2019/12,UQ,-6563461,-6563461,,-6.54,-9.35
퓨쳐메디신주식회사,076598,2020/12,UQ,-4213332,-4213332,-4213332,-3.65,-5.64
퓨쳐메디신주식회사,076598,2021/12,UQ,-6358671,-6358671,-6546688,-4.18,-7.57
프레스티지바이오파마,092741,2020/06,UQ,-11976759,-11976759,-12421201,999999999,999999999
피엔케이피부임상연구센타(주),084612,2018/12,UQ,4263143,4263143,,108784.79,999999999
피엔케이피부임상연구센타(주),084612,2019/12,UQ,6494542,6494542,,175.61,999999999
하이얼코리아알앤디주식회사,081540,2017/12,UQ,1036235,1036235,,11.32,21.88
한국파렉셀주식회사,096662,2020/06,NA,2407913,,,999999999,999999999
한국파렉셀주식회사,096662,2021/12,UQ,1662967,,,1815.4,4849.56
한국파렉셀주식회사,096662,2022/12,UQ,444725,,,999999999,999999999
